courseCode,cohortSize
AACE07001,48
AACE07002,42
AACE07003,41
AACE07004,35
AACE07005,8
AACE07006,6
AACE07007,11
AACE07008,9
AACE07009,11
ACCN08007,127
ACCN08008,131
ACCN08009,70
ACCN08010,67
ACCN08012,378
ACCN10008,78
ACCN10009,85
ACCN10010,80
ACCN10014,38
ACCN10026,220
ACCN10027,5
ACCN10029,81
ACCN10030,51
ACCP10001,12
ACCP10002,12
ACCP10003,12
ACCP10004,12
ACCP10005,NA
ACCP10006,6
ACCP10007,6
AFRI08001,168
AFRI08008,88
AFRI10003,44
AFRI10004,37
AFRI11005,45
AFRI11006,12
AFRI11007,17
AFRI11010,14
ANHI08013,123
ANHI08014,124
ANHI08015,130
ANHI10007,29
ANHI10011,21
ANHI10012,23
ANHI10013,21
ANHI10034,24
ANHI10051,27
ANHI10051,2
ANHI10083,26
ANHI10095,27
ANHI10100,20
ANHI10103,21
ANHI10104,23
ANHI10105,16
ANHI10106,18
ARCA08004,102
ARCA08005,102
ARCA08012,64
ARCA08013,63
ARCA08014,41
ARCA10003,20
ARCA10013,3
ARCA10014,12
ARCA10040,27
ARCA10047,17
ARCA10063,19
ARCA10064,49
ARCA10065,48
ARCA10077,9
ARCA10082,17
ARCA10083,13
ARCA10084,14
ARCA10085,18
ARCA10088,17
ARCA10091,19
ARCA10093,19
ARCA10096,15
ARCA10097,19
ARCA10098,17
ARCA10099,15
ARCH08001,115
ARCH08002,109
ARCH08004,111
ARCH08006,106
ARCH08006,2
ARCH08007,103
ARCH08027,104
ARCH08028,103
ARCH08030,16
ARCH08030,1
ARCH08031,16
ARCH08037,16
ARCH08038,24
ARCH08040,15
ARCH08041,15
ARCH08042,15
ARCH08044,15
ARCH08046,16
ARCH08048,17
ARCH08049,16
ARCH08050,16
ARCH08051,123
ARCH08052,27
ARCH08053,9
ARCH08054,8
ARCH08055,15
ARCH08056,27
ARCH08057,27
ARCH08058,16
ARCH10001,117
ARCH10002,118
ARCH10003,96
ARCH10003,4
ARCH10005,93
ARCH10005,8
ARCH10022,12
ARCH10025,67
ARCH10025,1
ARCH10026,96
ARCH10027,96
ARCH10029,12
ARCH10030,18
ARCH10031,17
ARCH10032,17
ARCH10037,12
ARCH10038,17
ARCH10040,12
ARCH10043,12
ARCH10047,14
ARCH10048,47
ARCH10049,15
ARCH10050,12
ARCH10051,20
ARCH10052,21
ARCH10053,19
ARCH10054,20
ARCH10055,22
ARCH10056,22
ARCH10057,22
ARCH10058,12
ARCH11006,33
ARCH11010,47
ARCH11014,27
ARCH11015,29
ARCH11021,29
ARCH11022,27
ARCH11024,NA
ARCH11032,NA
ARCH11034,NA
ARCH11038,27
ARCH11039,27
ARCH11041,28
ARCH11043,28
ARCH11069,76
ARCH11069,1
ARCH11070,42
ARCH11070,1
ARCH11075,38
ARCH11081,27
ARCH11088,NA
ARCH11089,70
ARCH11090,69
ARCH11091,16
ARCH11092,16
ARCH11093,26
ARCH11096,3
ARCH11096,1
ARCH11129,22
ARCH11174,25
ARCH11194,22
ARCH11195,33
ARCH11196,22
ARCH11197,23
ARCH11198,31
ARCH11201,13
ARCH11204,13
ARCH11205,NA
ARCH11207,1
ARCH11213,NA
ARCH11222,NA
ARCH11223,1
ARCH11226,17
ARCH11234,4
ARCH11235,1
ARCH11240,1
ARCH11246,11
ARCH11260,22
ARCH11261,23
ARCH11262,22
ARCH11263,31
ARCH11265,24
ARCH11266,14
ARCH11269,32
ARCH11270,32
ARCH11270,1
ARCH11271,39
ARCH11272,53
ARCH11273,45
ARCH11274,45
ARCH11276,45
ARCH11277,23
ARCH11279,10
ARCH11280,45
ARCH11281,2
ARCH11282,30
ARCH11283,30
ARCH11284,32
ARCH11285,32
ARCH11286,3
ARCH11287,5
ARCH11288,5
ARCH11290,NA
ARCH11292,5
ARDE10002,14
AREA11017,23
ARHI08004,201
ARHI08008,34
ARHI08008,1
ARHI08009,197
ARHI08010,162
ARHI10002,13
ARHI10011,16
ARHI10019,7
ARHI10026,10
ARHI10038,14
ARHI10042,4
ARHI10048,15
ARHI10050,11
ARHI10060,4
ARHI10061,7
ARHI11004,NA
ARHI11008,NA
ARHI11010,NA
ARHI11011,4
ARHW11035,14
ARJA10002,76
ARJA10004,25
ARJA11001,76
ARJA11001,1
ARJA11002,77
ARJA11003,3
ARTX08054,21
ARTX08055,14
ARTX08055,12
ARTX08058,27
ARTX08058,32
ARTX08059,33
ARTX08064,34
ARTX08066,NA
ARTX08067,2
ARTX08072,24
ARTX08075,101
ARTX08076,84
ARTX08082,15
ARTX08086,1
ARTX08087,89
ARTX08088,39
ARTX08089,38
ARTX08090,97
ARTX08091,78
ARTX09073,80
ARTX10036,78
ARTX10037,89
ARTX10038,89
ARTX10040,11
ARTX10048,85
ARTX10049,10
ARTX10050,8
ARTX10051,100
ARTX10054,22
ARTX10055,24
ARTX10056,22
ARTX10058,97
ARTX10059,24
ARTX10064,44
ARTX10065,NA
ARTX10066,25
ARTX10068,11
ARTX10069,78
ARTX11033,23
ARTX11033,1
ARTX11034,28
ARTX11035,26
ARTX11035,2
ARTX11036,23
ARTX11036,1
ARTX11037,2
ARTX11042,44
ARTX11044,44
ARTX11046,26
ARTX11047,44
ARTX11050,44
ARTX11051,NA
ASST07008,114
ASST07008,89
ASST07016,64
ASST07018,27
ASST07019,50
ASST07019,52
ASST07022,10
ASST07024,38
ASST07024,20
ASST07025,17
ASST07027,33
ASST07027,35
ASST08001,34
ASST08018,54
ASST08041,30
ASST08042,89
ASST08043,100
ASST08049,20
ASST08050,20
ASST08052,59
ASST08053,38
ASST08055,67
ASST08057,29
ASST08057,3
ASST08058,5
ASST08058,28
ASST08059,29
ASST08060,8
ASST08060,30
ASST08063,51
ASST08065,12
ASST08067,34
ASST08068,7
ASST08069,4
ASST08069,7
ASST08070,33
ASST08071,100
ASST08072,38
ASST08073,58
ASST09001,29
ASST09002,29
ASST09004,22
ASST10066,13
ASST10081,19
ASST10093,35
ASST10094,35
ASST10095,35
ASST10106,11
ASST10107,10
ASST10108,13
ASST10121,19
ASST10126,10
ASST10128,29
ASST10132,8
ASST10133,19
ASST10139,14
ASST10141,10
ASST10148,19
ASST10150,7
ASST10151,18
ASST10152,5
ASST10153,13
ASST10154,6
ASST10155,5
ASST10156,14
ASST10158,14
ASST10159,14
ASST10160,12
ASST11020,NA
ASST11025,NA
ASST11083,22
ASST11084,21
ASST11095,6
ASST11096,2
ASST11104,29
ASST11107,7
ASST11108,10
ASST11109,9
ASST11110,15
ASST11111,NA
ASST11112,17
ASST11113,7
ASST11115,14
ASST11118,6
ASST11119,4
ASST11120,8
ASST11120,3
ASST11125,4
AWAB11020,23
AWAB11022,39
AWAB11024,NA
AWAB11035,20
AWAB11036,52
AWAB11038,NA
AWAB11041,NA
AWAB11042,NA
AWAB11043,49
AWAB11044,21
AWAB11046,17
AWAB11047,NA
AWAB11048,17
AWAB11049,17
AWAB11050,16
AWAB11051,16
AWAB11052,26
AWAB11053,12
AWAB11054,9
AWAB11055,18
BICH10006,22
BICH10007,30
BICH10009,11
BICH10014,21
BICH10018,21
BICH11005,7
BICH11007,12
BICH11008,22
BICH11009,21
BICH11010,NA
BILG08001,1
BILG08003,29
BILG08005,NA
BILG08009,3
BILG08011,154
BILG08015,230
BILG08016,63
BILG08018,168
BILG08020,335
BILG08021,243
BILG08022,238
BILG08023,306
BILG08024,208
BILG08025,363
BILG08026,312
BILG09001,126
BILG09002,181
BILG09004,74
BILG09005,150
BILG09006,87
BILG09007,193
BILG09009,100
BILG09010,100
BILG09011,53
BILG09013,96
BILG09014,89
BILG09015,111
BILG09017,65
BILG09019,79
BILG09021,29
BILG11004,26
BILG11009,5
BILG11010,NA
BILG11011,NA
BILG11012,NA
BILG11013,5
BILG11014,5
BIME08004,280
BIME08006,63
BIME08007,202
BIME08010,2
BIME08011,245
BIME08012,357
BIME08013,174
BIME08014,58
BIME09002,91
BIME09003,107
BIME09004,82
BIME09005,119
BIME09006,122
BIME09008,193
BIME09009,NA
BIME09011,85
BIME09012,115
BIME09013,85
BIME09014,NA
BIME09015,NA
BIME10002,58
BIME10008,13
BIME10011,24
BIME10015,11
BIME10020,17
BIME10021,37
BIME10022,19
BIME10023,41
BIME10024,13
BIME10025,29
BIME10026,24
BIME10027,24
BIME10028,34
BIME10029,16
BIME10030,25
BIME10032,21
BIME10035,27
BIME10036,23
BIME10037,25
BIME10038,58
BIME10039,58
BIME10040,58
BIME10041,18
BIME10042,18
BIME10043,18
BIME10044,18
BIME10045,16
BIME10046,13
BIME10048,20
BIME10049,15
BIME10052,39
BIME10053,39
BIME10054,39
BIME10055,11
BIME10056,11
BIME10057,20
BIME10058,15
BIME10059,16
BIME10060,13
BIME10062,20
BIME10063,21
BIME10064,2
BIME10065,2
BIME10066,2
BIME10067,5
BIME10068,14
BIME10069,14
BIME10070,24
BIME10073,10
BIME10074,26
BIME10075,24
BIME10076,30
BIME11004,26
BIME11011,8
BIME11012,14
BIME11016,25
BIME11018,8
BIME11019,7
BIME11020,15
BIME11020,8
BIME11025,7
BIME11027,9
BIME11031,NA
BIME11032,40
BIME11033,43
BIME11036,11
BIME11039,20
BIME11042,16
BIME11046,26
BIME11047,26
BIME11051,28
BIME11054,2
BIME11056,26
BIME11063,10
BIME11065,41
BIME11075,26
BIME11076,4
BIME11080,4
BIME11083,9
BIME11084,9
BIME11085,9
BIME11087,4
BIME11089,9
BIME11090,26
BIME11097,9
BIME11103,14
BIME11104,7
BIME11105,7
BIME11106,8
BIME11107,11
BIME11108,3
BIME11109,2
BIME11110,2
BIME11111,1
BIME11113,10
BIME11114,12
BIME11115,14
BIME11116,10
BIME11117,10
BIME11119,15
BIME11120,24
BIME11121,22
BIME11122,5
BIME11123,14
BIME11125,17
BIME11127,28
BIME11128,26
BIME11129,9
BIME11130,19
BIME11133,26
BIME11135,9
BIME11137,18
BIME11141,14
BIME11142,NA
BIME11144,4
BIME11145,14
BIME11146,4
BIME11148,16
BIME11149,26
BIME11150,26
BIME11151,16
BIME11152,2
BIME11153,10
BIME11154,10
BIME11155,10
BIME11156,NA
BIME11157,26
BIME11158,5
BIME11160,15
BIME11161,9
BIME11164,3
BIME11165,16
BIME11166,15
BIME11167,9
BIME11168,NA
BIME11169,35
BIME11170,NA
BIME11171,NA
BIME11172,NA
BIME11173,NA
BIME11174,NA
BIME11175,NA
BIME11176,NA
BIME11177,NA
BIME11178,10
BIME11179,4
BIME11179,10
BIME11179,NA
BIME11180,10
BIME11181,25
BIME11182,25
BIME11183,25
BIME11184,25
BIME11185,25
BIME11186,4
BIME11187,8
BIME11188,7
BIME11189,5
BIME11190,5
BIME11191,NA
BIME11193,7
BIME11195,26
BIME11196,4
BIME11197,6
BIME11199,NA
BIST11002,15
BIST11006,15
BIST11009,6
BIST11010,6
BIST11011,4
BIST11017,5
BIST11021,1
BIST11025,4
BIST11026,10
BIST11028,14
BIST11029,8
BIST11032,4
BITE10001,43
BITE10002,40
BITE10006,40
BITE10007,40
BITE10010,24
BITE10013,40
BITE11003,38
BITE11004,26
BUST08003,146
BUST08004,146
BUST08005,165
BUST08008,169
BUST08009,96
BUST08018,185
BUST08027,133
BUST08028,90
BUST08029,180
BUST08030,136
BUST08031,97
BUST08032,83
BUST08033,194
BUST08035,418
BUST08036,444
BUST08040,195
BUST08041,43
BUST08042,72
BUST08043,20
BUST08045,205
BUST08046,9
BUST08047,9
BUST08049,78
BUST08050,78
BUST08051,196
BUST08052,185
BUST08053,74
BUST08054,92
BUST09007,495
BUST10004,102
BUST10007,48
BUST10012,105
BUST10018,38
BUST10021,64
BUST10023,64
BUST10024,23
BUST10028,16
BUST10032,121
BUST10033,65
BUST10067,142
BUST10077,11
BUST10092,36
BUST10104,33
BUST10107,73
BUST10108,174
BUST10113,119
BUST10115,57
BUST10120,20
BUST10124,49
BUST10127,108
BUST10129,35
BUST10133,58
BUST10134,52
BUST10135,70
BUST10140,48
BUST10142,177
BUST10144,182
BUST10145,15
BUST10147,94
BUST10148,108
BUST10149,108
BUST10150,99
BUST10151,121
BUST10152,45
BUST10153,79
BUST10155,124
BUST10156,80
BUST10157,80
BUST10158,396
BUST10160,60
BUST10162,100
BUST10163,184
BUST11230,NA
BUST11231,8
BUST11231,4
BVMS08038,116
BVMS08052,114
BVMS08053,125
BVMS08054,50
BVMS08056,116
BVMS08057,118
BVMS08059,35
BVMS08060,54
BVMS08061,115
BVMS08062,117
BVMS08063,116
BVMS08064,57
BVMS08065,55
BVMS08066,53
BVMS09010,170
BVMS09013,171
BVMS09014,169
BVMS09015,175
BVMS10028,147
BVMS10034,142
BVMS10035,148
BVMS10039,142
BVMS10040,142
BVMS10041,NA
BVMS11010,170
BVMS11013,172
BVMS11014,172
CACA08011,73
CACA08012,65
CACA10007,25
CACA10031,18
CACA10036,23
CACA10041,16
CACA10042,23
CACA10051,27
CACA10053,14
CACA10053,1
CACE10001,NA
CACE11001,NA
CBIO11001,5
CBIO11002,5
CBIO11003,5
CBIO11004,5
CBIO11005,5
CBIO11006,5
CEBI10001,17
CEBI10002,2
CEBI10005,2
CELT08004,14
CELT08005,4
CELT08006,8
CELT08007,4
CELT08016,NA
CELT08017,44
CELT08017,45
CELT08018,NA
CELT08019,13
CELT08021,11
CELT08022,34
CELT08023,30
CELT08024,73
CELT08025,83
CELT10007,2
CELT10009,4
CELT10010,3
CELT10012,7
CELT10016,7
CELT10017,NA
CELT10025,7
CELT10026,8
CELT10028,4
CELT10035,NA
CELT10036,3
CELT10037,3
CELT10040,4
CELT10049,3
CELT10059,7
CELT11006,NA
CELT11007,NA
CHCA10004,NA
CHEE08012,88
CHEE08013,77
CHEE08013,11
CHEE08016,84
CHEE08017,69
CHEE09008,64
CHEE09010,67
CHEE09013,62
CHEE09014,67
CHEE09015,60
CHEE09016,60
CHEE09016,1
CHEE09016,4
CHEE09019,68
CHEE09020,68
CHEE09021,65
CHEE10002,49
CHEE10004,49
CHEE10004,NA
CHEE10005,49
CHEE10005,2
CHEE10008,48
CHEE10009,28
CHEE10010,50
CHEE11015,26
CHEE11016,4
CHEE11020,8
CHEE11021,22
CHEE11023,11
CHEE11024,NA
CHEE11024,1
CHEE11026,40
CHEE11028,22
CHEE11029,40
CHEE11030,12
CHEE11031,32
CHEE11032,39
CHEE11033,7
CHEM08016,185
CHEM08017,187
CHEM08019,130
CHEM08020,73
CHEM08022,415
CHEM08023,418
CHEM08026,2
CHEM08027,1
CHEM08028,89
CHEM08029,90
CHEM08030,160
CHEM08031,133
CHEM09005,82
CHEM09006,83
CHEM09007,80
CHEM09008,5
CHEM09009,3
CHEM09010,10
CHEM09011,9
CHEM09015,9
CHEM09016,9
CHEM10012,69
CHEM10023,42
CHEM10023,6
CHEM10043,29
CHEM10044,7
CHEM10050,2
CHEM10055,72
CHEM10055,3
CHEM10056,42
CHEM10056,3
CHEM10057,62
CHEM10057,4
CHEM10058,60
CHEM10059,39
CHEM10060,13
CHEM10062,NA
CHEM10066,NA
CHEM10071,43
CHEM10072,71
CHEM10073,21
CHEM10074,24
CHEM10075,20
CHEM11011,NA
CHEM11012,NA
CHEM11013,NA
CHEM11029,NA
CHEM11052,NA
CHEM11054,27
CHEM11055,22
CHEM11056,34
CHEM11067,24
CHEM11069,NA
CHEM11072,NA
CHEM11073,NA
CHEM11074,NA
CHEM11075,21
CHEM11076,65
CHEM11077,21
CHEM11078,NA
CHEM11079,65
CHEM11080,26
CHEM11081,65
CHEM11082,65
CHEM11083,20
CHPH08002,11
CHPH09005,8
CHPH09006,10
CHPH09007,9
CHPH10004,2
CHPH10006,14
CHPH11004,14
CIVE08020,241
CIVE08023,159
CIVE08024,117
CIVE08025,94
CIVE08026,278
CIVE08027,5
CIVE08028,69
CIVE09016,41
CIVE09020,33
CIVE09023,24
CIVE09034,36
CIVE09035,33
CIVE09036,48
CIVE09037,36
CIVE09038,43
CIVE10004,63
CIVE10006,46
CIVE10008,51
CIVE10011,40
CIVE10013,22
CIVE10022,45
CIVE10029,66
CIVE10030,75
CIVE10031,21
CIVE10032,46
CIVE11025,12
CIVE11031,40
CIVE11034,10
CIVE11038,39
CIVE11044,11
CIVE11045,1
CIVE11047,4
CIVE11049,19
CIVE11050,26
CIVE11051,61
CIVE11052,3
CIVE11053,89
CIVE11054,5
CIVE11055,30
CLGE08001,120
CLGE08002,154
CLGE08003,151
CLGE08004,162
CLGE10003,71
CLGE10004,NA
CLGE10005,NA
CLGE10006,4
CLLC08003,24
CLLC10003,24
CLLC10007,27
CLLC10008,17
CLLC11003,137
CLLC11004,NA
CLLC11024,49
CLLC11025,51
CLLC11026,18
CLLC11037,61
CLLC11039,61
CLLC11040,24
CLLC11053,62
CLLC11065,34
CLLC11082,1
CLLC11086,NA
CLLC11102,NA
CLLC11103,NA
CLLC11112,6
CLLC11125,1
CLLC11127,28
CLLC11132,5
CLLC11133,69
CLLC11136,7
CLLC11137,7
CLLC11139,23
CLLC11142,42
CLLC11143,42
CLLC11144,40
CLLC11145,16
CLLC11146,25
CLLC11148,NA
CLLC11149,69
CLLC11150,68
CLLC11151,NA
CLLC11152,2
CLLC11153,56
CLLC11154,1
CLLC11155,NA
CLLC11156,NA
CLLC11161,42
CLLC11162,2
CLLC11163,56
CLLC11164,1
CLLC11165,1
CLLC11166,NA
CLLC11167,NA
CLLC11174,49
CLLC11177,1
CLLC11178,1
CLLC11179,1
CLLC11180,1
CLLC11181,17
CLLC11182,68
CLLC11183,69
CLLC11184,42
CLLC11186,17
CLLC11189,3
CLLC11190,17
CLLC11191,41
CLLC11192,40
CLLC11193,41
CLLC11195,35
CLLC11198,20
CLLC11200,17
CLLC11201,15
CLLC11202,8
CLLC11203,11
CLLC11204,16
CLLC11205,8
CLPS10001,175
CLPS11002,37
CLPS11006,37
CLPS11009,37
CLPS11010,37
CLPS11014,37
CLPS11033,54
CLPS11037,56
CLPS11042,41
CLPS11050,171
CLPS11052,178
CLPS11053,169
CLPS11054,169
CLPS11055,177
CLPS11056,174
CLPS11057,182
CLPS11058,NA
CLPS11062,4
CLPS11063,37
CLPS11064,6
CLPS11066,239
CLPS11067,28
CLPS11068,33
CLPS11072,NA
CLPS11073,22
CLPS11076,21
CLPS11077,16
CLPS11078,60
CLPS11079,48
CLPS11080,56
CLPS11081,32
CLPS11082,32
CLPS11083,177
CLPS11084,39
CLPS11085,2
CLPS11086,19
CLPS11087,23
CLPS11088,34
CLPS11089,34
CLPS11091,19
CLPS11092,12
CLPS11093,38
CLPS11095,18
CLPS11096,14
CLPS11098,21
CLPS11100,NA
CLPS11101,31
CLPS11102,58
CLPS11104,2
CLPS12002,47
CLPS12009,48
CLPS12013,44
CLPS12014,32
CLPS12016,48
CLPS12034,47
CLPS12035,50
CLPS12036,47
CLPS12037,38
CLPS12039,47
CLTR08008,94
CLTR10003,26
CLTR10008,13
CLTR10014,14
CLTR10014,1
CLTR10018,9
CLTR10018,1
CLTR10022,16
CLTR10031,29
CMSE10002,359
CMSE10003,265
CMSE11003,4
CMSE11025,47
CMSE11058,39
CMSE11081,39
CMSE11086,106
CMSE11089,75
CMSE11101,39
CMSE11121,61
CMSE11122,30
CMSE11137,61
CMSE11170,67
CMSE11171,41
CMSE11175,75
CMSE11177,41
CMSE11202,25
CMSE11232,25
CMSE11238,59
CMSE11240,NA
CMSE11241,NA
CMSE11242,NA
CMSE11243,NA
CMSE11244,59
CMSE11245,59
CMSE11246,59
CMSE11247,59
CMSE11251,NA
CMSE11253,59
CMSE11264,NA
CMSE11268,NA
CMSE11277,2
CMSE11280,NA
CMSE11285,34
CMSE11288,34
CMSE11289,39
CMSE11307,34
CMSE11312,8
CMSE11315,30
CMSE11338,67
CMSE11342,67
CMSE11348,46
CMSE11377,67
CMSE11379,NA
CMSE11380,75
CMSE11388,5
CMSE11389,4
CMSE11392,62
CMSE11400,59
CMSE11401,62
CMSE11403,59
CMSE11404,58
CMSE11407,59
CMSE11408,58
CMSE11409,53
CMSE11410,18
CMSE11411,58
CMSE11416,NA
CMSE11422,44
CMSE11424,36
CMSE11425,16
CMSE11426,41
CMSE11427,39
CMSE11428,46
CMSE11431,46
CMSE11432,105
CMSE11433,47
CMSE11440,35
CMSE11442,NA
CMSE11443,4
CMSE11443,3
CMSE11444,2
CMSE11447,34
CMSE11448,25
CMSE11450,43
CMSE11452,24
CMSE11456,50
CMSE11458,27
CMSE11459,24
CMSE11460,12
CMSE11463,74
CMSE11465,NA
CMSE11467,NA
CMSE11469,59
CMSE11470,77
CMSE11471,48
CMSE11472,42
CMSE11475,41
CMSE11476,NA
CMSE11478,59
CMSE11479,30
CMSE11485,101
CMSE11486,53
CMSE11487,53
CMSE11488,54
CMSE11490,40
CMSE11494,21
CMSE11495,35
CMSE11498,50
CMSE11500,33
CMSE11505,2
CMSE11509,NA
CMSE11513,50
CMSE11515,34
CMSE11517,6
CMSE11518,50
CMSE11521,59
CMSE11524,3
CMSE11525,5
CMSE11527,18
CMSE11528,14
CMSE11530,NA
CMSE11531,25
CMSE11532,36
CMSE11533,27
CMSE11534,95
CMSE11536,19
CMSE11537,57
CMSE11538,34
CMSE11539,34
CMSE11540,34
CMSE11542,NA
CMSE11543,28
CMSE11545,59
CMSE11546,40
CMSE11547,34
CMSE11548,41
CMSE11549,34
CMSE11552,54
CMSE11553,37
CMSE11554,30
CMSE11555,75
CMSE11556,34
CMSE11557,29
CMSE11558,30
CMSE11559,28
CMSE11560,37
CMSE11561,48
CMSE11562,44
CMSE11563,19
CMSE11565,22
CMSE11566,58
CMSE11568,34
CMSE11569,4
CMSE11571,44
CMSE11573,43
CMSE11574,28
CMSE11575,41
CMSE11576,49
CMSE11577,37
CMSE11578,16
CMSE11579,13
CMSE11580,53
CMSE11581,45
CMSE11582,23
CMSE11583,42
CMSE11585,58
CMSE11589,41
CMSE11590,38
CMSE11591,31
CMSE11592,1
CMSE11593,NA
CMSE11595,NA
CMSE11596,NA
CMSE11597,29
CMSE11598,1
CMSE11600,29
CMSE11601,NA
CMSE11602,NA
CMSE11605,30
CMSE11607,NA
CMSE11608,NA
CMSE11611,24
CMSE11612,24
CMSE11613,NA
CMSE11614,26
CMSE11615,20
CMSE11616,26
CMSE11617,30
CMSE11618,7
CMSE11619,57
CMSE11620,1
CMSE11620,NA
CMSE11621,42
CMSE11622,30
CMSE11623,52
CMSE11624,30
CMSE11625,6
CMSE11626,25
CMSE11627,7
CMSE11628,47
CMSE11629,61
CMSE11630,62
CMSE11631,61
CMSE11632,61
CMSE11633,44
CMSE11634,61
CNST08001,98
CNST08002,50
CNST11012,108
CNST11014,89
CNST11034,44
CNST11040,59
CNST11041,63
CNST11042,63
CNST11043,58
CNST11053,31
CNST11061,33
CNST11062,60
CNST11068,64
CNST11079,29
CNST11080,NA
CNST11081,33
CNST11084,103
CNST11085,108
CNST11087,21
CNST11088,4
CNST11089,NA
CNST11093,NA
CNST11094,15
CNST12007,112
CNST12010,12
CNST12012,60
CNST12013,53
CNST12014,11
CNST12015,11
CNST12019,60
CNST12022,62
CNST12024,63
COPH12001,13
COPH12002,13
COPH12003,13
COPH12004,13
COPH12005,13
COPH12006,13
COPH12007,9
COPH12008,9
COPH12009,9
CRCA11001,45
CRCA11002,42
CRCA11003,48
CRCA11004,41
CRCA11005,41
CRCA11006,41
CRCA11010,23
CRCA11011,12
CRCA11012,14
CRCA11012,NA
CRCA11014,26
CRCA11015,28
CRCA11017,4
CRCA11018,2
CRCA11019,12
CRCA11020,9
CRCA11021,2
CRCA11022,3
CRCA11023,20
DEBI10021,15
DEBI10026,15
DEBI10031,15
DEBI10032,28
DEBI10034,15
DEBI10035,16
DENT08003,10
DENT08004,10
DENT08005,9
DENT08006,10
DENT08007,9
DENT08008,10
DENT09001,9
DENT09002,9
DENT09005,9
DENT09006,9
DENT09008,10
DENT09010,10
DENT09011,10
DENT09012,10
DENT09013,9
DENT09014,10
DENT09015,10
DENT09016,9
DENT10002,8
DENT10003,7
DENT10004,7
DENT11178,6
DENT12053,6
DENT12069,7
DENT12072,7
DENT12073,7
DENT12074,7
DESI08010,234
DESI08010,113
DESI08061,49
DESI08062,51
DESI08063,50
DESI08064,20
DESI08065,22
DESI08066,19
DESI08069,18
DESI08070,18
DESI08071,8
DESI08072,9
DESI08074,25
DESI08075,21
DESI08076,21
DESI08077,15
DESI08078,17
DESI08079,20
DESI08080,24
DESI08081,24
DESI08082,19
DESI08083,20
DESI08084,23
DESI08087,98
DESI08088,85
DESI08091,13
DESI08092,15
DESI08093,16
DESI08094,13
DESI08095,55
DESI08097,157
DESI08099,35
DESI08100,25
DESI08101,31
DESI08102,31
DESI08103,26
DESI08104,22
DESI08109,25
DESI08110,26
DESI08111,17
DESI08113,21
DESI08119,16
DESI08121,17
DESI08122,16
DESI08125,96
DESI08126,34
DESI08127,35
DESI08132,17
DESI08140,100
DESI08141,159
DESI08143,29
DESI08144,28
DESI08145,14
DESI08146,12
DESI08147,17
DESI08149,17
DESI08150,16
DESI08151,64
DESI08152,17
DESI08153,34
DESI08155,21
DESI09075,8
DESI09097,6
DESI09099,11
DESI10015,NA
DESI10017,1
DESI10018,3
DESI10025,6
DESI10031,6
DESI10045,6
DESI10052,163
DESI10053,6
DESI10055,21
DESI10056,22
DESI10057,22
DESI10058,22
DESI10061,43
DESI10075,16
DESI10076,20
DESI10077,21
DESI10078,20
DESI10079,16
DESI10080,16
DESI10081,29
DESI10083,33
DESI10084,32
DESI10085,20
DESI10086,20
DESI10087,17
DESI10088,28
DESI10089,29
DESI10092,15
DESI10093,8
DESI10095,16
DESI10096,18
DESI10097,17
DESI10098,8
DESI10100,17
DESI10102,8
DESI10104,32
DESI10105,34
DESI10106,33
DESI10109,22
DESI10110,15
DESI10111,13
DESI10112,13
DESI10113,13
DESI10114,13
DESI10120,14
DESI10121,29
DESI10122,48
DESI10123,40
DESI10124,33
DESI10125,32
DESI10126,29
DESI10129,32
DESI10132,1
DESI10134,42
DESI10135,16
DESI10136,21
DESI10137,21
DESI10138,21
DESI10140,42
DESI10143,16
DESI10144,17
DESI10145,17
DESI10146,17
DESI10147,21
DESI10148,16
DESI10150,16
DESI10151,17
DESI10152,17
DESI10153,17
DESI10154,17
DESI11025,62
DESI11028,34
DESI11073,58
DESI11086,9
DESI11092,46
DESI11099,87
DESI11100,61
DESI11103,28
DESI11106,28
DESI11107,28
DESI11108,28
DESI11109,20
DESI11110,20
DESI11116,13
DESI11118,50
DESI11120,51
DESI11122,51
DESI11123,20
DESI11124,20
DESI11125,20
DESI11162,46
DESI11163,30
DESI11164,19
DESI11166,30
DESI11168,43
DESI11169,27
DESI11170,27
DESI11171,19
DESI11172,27
DESI11174,9
DESI11175,18
DESI11176,18
DESI11177,28
DESI11178,47
DESI11180,27
DESI11181,43
DESI11182,17
DESI11183,40
DESI11184,38
DESI11185,15
DESI11186,11
DESI11188,3
DESI11189,10
DESI11190,9
DESI11191,4
DESI11194,31
DESI11195,5
DESI11196,24
DESI11197,8
DESI11198,40
DIVI07006,NA
DIVI07010,10
DIVI07011,1
DIVI08001,129
DIVI08003,107
DIVI08005,17
DIVI08006,28
DIVI08012,50
DIVI08013,195
DIVI08014,103
DIVI08015,77
DIVI08018,61
DIVI08021,70
DIVI08023,65
DIVI08024,99
DIVI08027,4
DIVI08028,57
DIVI08030,15
DIVI08031,5
DIVI08032,13
DIVI08033,4
DIVI10001,64
DIVI10002,47
DIVI10004,1
DIVI10014,28
DIVI10016,38
DIVI10018,9
DIVI10019,26
DIVI10024,15
DIVI10030,19
DIVI10038,14
DIVI10046,21
DIVI10047,9
DIVI10050,4
DIVI10056,1
DIVI10062,3
DIVI10064,12
DIVI10070,16
DIVI10072,5
DIVI10074,3
DIVI10079,11
DIVI10085,34
DIVI10087,19
DIVI10088,25
DIVI10089,24
DIVI10095,11
DIVI10101,21
DIVI10103,3
DIVI10104,13
DIVI10105,28
DIVI10106,1
DIVI10108,22
DIVI10109,30
DIVI10110,5
DIVI10111,2
DIVI10112,3
DIVI10113,2
DIVI10114,36
DIVI10115,18
DIVI11010,5
DIVI11011,53
DIVI11012,13
DIVI11014,7
DIVI11015,5
DIVI11016,8
DIVI11017,4
DIVI11018,3
DIVI11025,10
DIVI11027,3
DIVI11037,5
DIVI11039,1
DIVI11042,6
DIVI11043,3
DIVI11045,11
DIVI11046,11
DIVI11047,14
DIVI11049,4
DIVI11050,3
DIVI11051,3
DIVI11052,6
DIVI11053,2
DIVI11054,2
DIVI11055,2
DIVI11056,6
DIVI11057,4
DIVI11059,1
DIVI11060,1
DIVI11061,1
DIVI11062,2
DIVI11063,2
DIVI11064,1
EASC08004,117
EASC08008,84
EASC08011,84
EASC08016,18
EASC08020,60
EASC08021,73
EASC08024,33
EASC08025,30
EASC08026,43
EASC08028,98
EASC08029,106
EASC08030,100
EASC09036,23
EASC09051,11
EASC09052,39
EASC09054,7
EASC09055,7
EASC09056,27
EASC10009,18
EASC10011,7
EASC10015,5
EASC10036,12
EASC10043,8
EASC10048,21
EASC10049,21
EASC10065,10
EASC10080,6
EASC10082,30
EASC10086,21
EASC10087,14
EASC10094,6
EASC10100,6
EASC10101,45
EASC10103,47
EASC10105,23
EASC10106,37
EASC10107,30
EASC10108,14
EASC10109,8
EASC10110,7
EASC10111,14
EASC10115,10
EASC10116,6
EASC10119,4
EASC10120,8
EASC10121,7
EASC10122,3
EASC10123,22
EASC10124,9
EASC10126,11
EASC10127,32
EASC10128,19
EASC11005,4
EASC11006,3
EASC11008,24
EASC11009,2
ECHS11003,10
ECHS11004,5
ECHS11009,6
ECHS11014,2
ECHS11020,5
ECHS11021,7
ECLG10006,14
ECLG10007,14
ECLG10008,14
ECLG10009,29
ECLG11001,11
ECLG11002,11
ECLG11003,11
ECLG11004,13
ECLG11005,11
ECNM08003,86
ECNM08004,384
ECNM08006,341
ECNM08011,1
ECNM08013,445
ECNM08014,2
ECNM08016,306
ECNM08019,244
ECNM08020,40
ECNM08024,94
ECNM08025,157
ECNM08026,8
ECNM10022,13
ECNM10030,302
ECNM10052,391
ECNM10056,313
ECNM10061,87
ECNM10066,109
ECNM10068,51
ECNM10069,317
ECNM10070,367
ECNM10085,54
ECNM10085,4
ECNM10086,138
ECNM10087,118
ECNM10090,54
ECNM10096,98
ECNM10098,122
ECNM10100,14
ECNM10101,45
ECNM10104,55
ECNM10107,35
ECNM10108,77
ECNM10109,60
ECNM10110,22
ECNM10111,65
ECNM10112,27
ECNM10113,34
ECNM10114,98
ECNM10115,98
ECNM11002,66
ECNM11005,NA
ECNM11006,6
ECNM11008,NA
ECNM11009,9
ECNM11013,NA
ECNM11014,13
ECNM11015,19
ECNM11016,5
ECNM11017,10
ECNM11022,67
ECNM11023,61
ECNM11024,67
ECNM11025,67
ECNM11028,NA
ECNM11030,11
ECNM11031,23
ECNM11032,24
ECNM11041,9
ECNM11043,68
ECNM11048,7
ECNM11049,12
ECNM11051,67
ECNM11052,NA
ECNM11053,5
ECNM11060,6
ECNM11069,NA
ECNM11070,39
ECNM11071,NA
ECNM11072,2
ECNM11073,7
ECNM11074,NA
ECNM11075,NA
ECNM11076,NA
ECNM11077,NA
ECNM11078,6
ECNM11079,NA
ECNM11080,3
ECNM11081,7
ECNM11082,7
ECNM11083,7
ECNM11084,7
ECNM11085,7
ECNM11088,4
ECNM11089,56
ECNM11091,16
ECNM11094,6
ECNM11095,37
ECNM11096,37
ECNM11097,NA
ECNM11098,62
ECNM11099,29
ECNM12001,NA
ECSC08003,85
ECSC08007,69
ECSC08008,60
ECSC08010,80
ECSC08011,63
ECSC08012,87
ECSC09002,39
ECSC09004,38
ECSC09005,66
ECSC10025,16
ECSC10030,44
ECSC10031,15
ECSC10032,58
ECSC10033,59
ECSC10034,59
ECSC10036,40
ECSC10037,39
ECSC10038,36
ECSC10039,13
ECSH08043,56
ECSH10004,20
ECSH10070,25
ECSH10087,18
ECSH10091,24
ECSH10094,25
ECSH10103,13
ECSH10106,16
ECSH10107,23
EDUA07004,16
EDUA07005,16
EDUA07007,16
EDUA07008,16
EDUA07009,16
EDUA08045,21
EDUA08090,20
EDUA08091,21
EDUA08092,30
EDUA08093,31
EDUA08096,10
EDUA08097,14
EDUA08099,101
EDUA08100,109
EDUA08104,85
EDUA08105,17
EDUA08106,9
EDUA08107,95
EDUA08111,8
EDUA08112,1
EDUA08113,1
EDUA08116,38
EDUA08117,98
EDUA08118,85
EDUA08119,85
EDUA08120,85
EDUA08121,8
EDUA08121,7
EDUA08122,8
EDUA08123,8
EDUA08124,8
EDUA08125,30
EDUA09003,12
EDUA09004,12
EDUA09005,12
EDUA09006,12
EDUA10082,8
EDUA10093,12
EDUA10150,13
EDUA10154,28
EDUA10156,28
EDUA10157,33
EDUA10160,126
EDUA10161,132
EDUA10162,139
EDUA10163,127
EDUA10164,126
EDUA10168,5
EDUA10172,99
EDUA10175,92
EDUA10176,95
EDUA10177,93
EDUA10178,NA
EDUA10179,98
EDUA10180,94
EDUA10187,5
EDUA10189,5
EDUA10193,97
EDUA10198,5
EDUA10202,8
EDUA10204,42
EDUA10206,40
EDUA10207,40
EDUA10208,NA
EDUA10214,14
EDUA10215,126
EDUA10216,2
EDUA11034,44
EDUA11038,45
EDUA11039,47
EDUA11040,42
EDUA11041,46
EDUA11042,47
EDUA11045,26
EDUA11048,116
EDUA11053,23
EDUA11116,17
EDUA11117,24
EDUA11119,24
EDUA11120,26
EDUA11174,25
EDUA11187,157
EDUA11194,NA
EDUA11206,20
EDUA11209,41
EDUA11210,43
EDUA11212,125
EDUA11214,16
EDUA11215,14
EDUA11233,63
EDUA11235,9
EDUA11236,27
EDUA11238,7
EDUA11239,16
EDUA11244,12
EDUA11248,345
EDUA11249,35
EDUA11255,45
EDUA11257,228
EDUA11258,2
EDUA11282,129
EDUA11283,83
EDUA11284,46
EDUA11286,1
EDUA11287,6
EDUA11288,131
EDUA11289,126
EDUA11290,5
EDUA11291,42
EDUA11292,57
EDUA11293,23
EDUA11296,40
EDUA11297,73
EDUA11298,3
EDUA11299,93
EDUA11300,73
EDUA11301,80
EDUA11304,14
EDUA11309,1
EDUA11314,NA
EDUA11321,20
EDUA11323,38
EDUA11324,28
EDUA11327,26
EDUA11328,16
EDUA11329,230
EDUA11333,20
EDUA11336,29
EDUA11337,14
EDUA11338,61
EDUA11340,22
EDUA11341,13
EDUA11342,21
EDUA11343,48
EDUA11344,NA
EDUA11346,12
EDUA11347,161
EDUA11348,11
EDUA11352,12
EDUA11353,10
EDUA11354,29
EDUA11358,32
EDUA11363,136
EDUA11366,1
EDUA11367,17
EDUA11369,1
EDUA11370,17
EDUA11371,13
EDUA11372,17
EDUA11373,14
EDUA11374,13
EDUA11375,13
EDUA11376,13
EDUA11380,14
EDUA11381,11
EDUA11382,2
EDUA11383,13
EDUA11384,18
EDUA11385,137
EDUA11386,9
EDUA11391,6
EDUA11395,12
EDUA11396,1
EDUA11397,1
EDUA11400,39
EDUA11401,1
EDUA11403,19
EDUA11404,31
EDUA11405,14
EDUA11407,26
EDUA11408,15
EDUA11409,5
EDUA11412,40
EDUA11413,50
EDUA11414,23
EDUA11415,48
EDUA11416,30
EDUA11418,40
EDUA11419,115
EDUA11420,25
EDUA11421,14
EDUA11424,13
EDUA11425,13
EDUA11426,32
EDUA11428,23
EDUA11430,NA
EDUA11431,24
EDUA11433,18
EDUA11434,15
EDUA11436,27
EDUA11437,32
EDUA11439,20
EDUA11440,47
EDUA11441,127
EDUA11442,127
EDUA11443,30
EDUA11444,30
EDUA11444,13
EDUA11445,5
EDUA11446,4
EDUA11448,2
EDUA11449,126
EDUA11450,15
EDUA11451,NA
EDUA11452,24
EDUA11453,22
EDUA11454,44
EDUA11455,NA
EDUA11456,NA
EDUA11457,77
EDUA11458,16
EDUA11460,NA
EDUA11461,5
EDUA11462,23
EFIE07001,35
EFIE07003,33
EFIE08001,58
EFIE08002,73
EFIE08003,66
EFIE08004,26
EFIE08008,39
EFIE11001,13
EFIE11002,77
EFIE11003,20
EFIE11004,56
EFIE11005,6
EFIE11006,22
EFIE11007,19
EFIE11008,3
EFIE11009,5
EFIE11010,23
EFIE11013,NA
EFIE11014,12
EFIE11015,19
EFIE11016,19
EFIE11017,8
EFIE11018,15
EFIE11019,2
EFIE11020,25
EFIE11023,143
EFIE11024,37
EFIE11025,74
EFIE11026,14
EFIE11027,147
EFIE11028,25
EFIE11029,68
EFIE11030,15
EFIE11032,17
EFIE11033,1
EFIE11036,14
EFIE11037,2
EFIE11038,16
EFIE11039,NA
EFIE11040,23
EFIE11041,5
EFIE11042,21
EFIE11043,5
EFIE11044,20
EFIE11045,8
EFIE11050,15
EFIE11051,1
EFIE11052,11
EFIE11053,4
EFIE11054,23
EFIE11055,7
EFIE11056,17
EFIE11057,6
EFIE11058,22
EFIE11059,8
EFIE11062,10
EFIE11063,7
EFIE11064,14
EFIE11065,3
EFIE11066,13
EFIE11067,4
EFIE11068,12
EFIE11069,3
EFIE11070,15
EFIE11071,4
EFIE11072,16
EFIE11073,3
EFIE11074,13
EFIE11075,3
EFIE11078,17
EFIE11079,2
EFIE11080,20
EFIE11081,3
EFIE11082,21
EFIE11083,5
EFIE11084,20
EFIE11085,3
EFIE11086,22
EFIE11087,2
EFIE11088,13
EFIE11089,2
EFIE11090,9
EFIE11091,4
EFIE11092,17
EFIE11093,3
EFIE11094,21
EFIE11095,NA
EFIE11096,11
EFIE11097,3
EFIE11098,14
EFIE11099,5
EFIE11100,14
EFIE11101,1
EFIE11102,13
EFIE11103,3
EFIE11104,19
EFIE11105,2
EFIE11106,11
EFIE11107,4
EFIE11110,11
EFIE11111,1
EFIE11112,16
EFIE11113,2
EFIE11114,22
EFIE11115,1
EFIE11118,19
EFIE11119,19
EFIE11120,19
EFIE11121,20
EFIE11122,5
EFIE11123,20
EFIE11124,5
EFIE11125,15
EFIE11126,4
EFIE11127,15
EFIE11128,4
EFIE11129,16
EFIE11130,2
EFIE11131,16
EFIE11132,2
EFIE11133,19
EFIE11134,2
EFIE11135,19
EFIE11136,2
EFIE11137,12
EFIE11138,1
EFIE11139,12
EFIE11140,1
EFIE11141,24
EFIE11142,6
EFIE11143,14
EFIE11144,NA
EFIE11145,13
EFIE11146,4
EFIE11147,9
EFIE11148,NA
EFIE11149,9
EFIE11150,NA
EFIE11151,9
EFIE11152,NA
EFIE11153,9
EFIE11154,1
EFIE11155,18
EFIE11156,1
EFIE11157,7
EFIE11158,NA
EFIE11159,18
EFIE11160,9
EFIE11161,17
EFIE11162,9
EFIE11163,20
EFIE11164,7
EFIE11165,20
EFIE11166,11
EFIE11167,22
EFIE11168,8
EFIE11169,16
EFIE11170,6
EFIE11171,6
EFIE11172,5
EFIE11173,6
EFIE11174,4
EFIE11175,13
EFIE11176,2
EFIE11177,12
EFIE11178,6
EFIE11179,11
EFIE11180,2
EFIE11181,9
EFIE11182,2
EFIE11183,10
EFIE11184,5
EFIE11185,10
EFIE11186,1
EFIE11187,10
EFIE11188,NA
EFIE11189,10
EFIE11190,1
EFIE11191,12
EFIE11192,1
EFIE11193,17
EFIE11194,2
EFIE11195,5
EFIE11196,2
EFIE11197,11
EFIE11198,3
EFIE11199,9
EFIE11200,NA
EFIE11201,15
EFIE11202,2
EFIE11203,6
EFIE11204,2
EFIE11205,9
EFIE11206,NA
EFIE11207,9
EFIE11208,NA
EFIE11209,15
EFIE11210,2
EFIE11211,6
EFIE11212,2
EFIE11213,9
EFIE11214,NA
EFIE11215,9
EFIE11216,4
EFIE11217,5
EFIE11218,NA
EFIE11219,5
EFIE11220,1
EFIE11221,9
EFIE11222,1
EFIE11223,20
EFIE11224,5
EFIE11225,12
EFIE11226,5
EFIE11227,9
EFIE11228,1
EIBM10001,3
EIBM10002,NA
ELCC08003,139
ELCC08005,50
ELCC08006,49
ELCC08007,45
ELCC08008,41
ELCC08009,40
ELCC08010,50
ELCC09001,4
ELCC10005,93
ELCC10006,89
ELCC10007,53
ELCC10011,158
ELCC10013,120
ELCC10014,36
ELCC10015,98
ELCC10016,2
ELCC10017,33
ELCC10018,21
ELCC10019,9
ELCC10020,2
ELCC10021,4
ELCC10022,6
ELCC11006,16
ELCC11018,17
ELCC11019,14
ELCC11021,40
ELCF07007,20
ELCF07007,30
ELCF07008,53
ELCF07008,58
ELCF07011,56
ELCF07011,58
ELCF08004,18
ELCF08004,21
ELCF08005,36
ELCF08006,152
ELCF08009,29
ELCF08012,131
ELCF08013,131
ELCF09010,2
ELCF09017,2
ELCF09022,2
ELCF09023,4
ELCF09030,1
ELCF09031,1
ELCF09032,NA
ELCF09033,3
ELCF09034,2
ELCF09035,4
ELCF09036,1
ELCF09037,1
ELCF09038,NA
ELCF09039,3
ELCF09040,3
ELCF09041,2
ELCF09042,NA
ELCF09043,1
ELCF10002,120
ELCF10003,78
ELCF10036,13
ELCF10064,15
ELCF10066,13
ELCF10067,10
ELCF10070,6
ELCF10071,18
ELCF10072,4
ELCF10073,8
ELCF10074,18
ELCF10075,18
ELCF10076,2
ELCF10077,11
ELCF10078,125
ELCF10079,7
ELCF10081,13
ELCF10082,17
ELCF10083,7
ELCF10084,11
ELCF11006,NA
ELCG07008,44
ELCG07009,114
ELCG08001,32
ELCG08002,47
ELCG08008,54
ELCG08009,21
ELCG08011,21
ELCG08012,19
ELCG08013,22
ELCG08014,25
ELCG08016,10
ELCG08017,15
ELCG09005,3
ELCG09007,NA
ELCG09010,4
ELCG09014,2
ELCG09015,NA
ELCG09016,4
ELCG09017,4
ELCG10016,36
ELCG10017,21
ELCG10022,11
ELCG10025,13
ELCG10031,15
ELCG10035,43
ELCG10036,17
ELCG10037,8
ELCG11006,NA
ELCG11010,NA
ELCH07010,60
ELCH07010,78
ELCH07011,146
ELCH07011,119
ELCH07017,16
ELCH07017,29
ELCH07020,9
ELCH07020,15
ELCH08001,49
ELCH08002,122
ELCH08007,4
ELCH08012,23
ELCH08013,5
ELCH08017,6
ELCH08018,104
ELCH08019,103
ELCH08021,18
ELCH08022,6
ELCH08023,12
ELCH08024,2
ELCH09001,4
ELCH09005,2
ELCH09009,NA
ELCH09010,2
ELCH09011,4
ELCH09016,NA
ELCH09020,NA
ELCH09025,5
ELCH09026,3
ELCH09028,2
ELCH09029,3
ELCH09030,2
ELCH09031,3
ELCH09032,1
ELCH09033,NA
ELCH10012,7
ELCH10013,11
ELCH10019,8
ELCH10026,99
ELCH10027,65
ELCH10040,5
ELCH10053,10
ELCH10055,1
ELCH10058,2
ELCH10062,1
ELCH10068,3
ELCH10069,116
ELCH10070,19
ELCH10071,7
ELCH10072,11
ELCH10073,34
ELCH10074,17
ELCH10075,21
ELCH10076,6
ELCH10077,7
ELCH11006,NA
ELCH11009,NA
ELCH11011,NA
ELCH11013,1
ELCH11014,NA
ELCH11015,NA
ELCH11016,1
ELCI07006,28
ELCI07007,103
ELCI07007,39
ELCI08001,83
ELCI08004,46
ELCI08005,43
ELCI09015,NA
ELCI10018,21
ELCI10019,32
ELCI10034,24
ELCI10035,12
ELCI10037,22
ELCI10038,5
ELCI11003,NA
ELCI11008,NA
ELCI11009,NA
ELCR08002,12
ELCR08005,31
ELCR08008,9
ELCR08009,26
ELCR08010,52
ELCR08011,52
ELCR09001,NA
ELCR09002,NA
ELCR09003,1
ELCR09006,1
ELCR09007,1
ELCR10002,20
ELCR10003,22
ELCR10004,18
ELCR10018,13
ELCR10021,23
ELCR10022,29
ELCR11003,NA
ELCR11004,7
ELCS08008,NA
ELCS08011,14
ELCS08013,8
ELCS08027,20
ELCS08028,12
ELCS08029,7
ELCS08030,2
ELCS08031,2
ELCS08032,3
ELCS08033,8
ELCS08037,47
ELCS08038,44
ELCS08039,10
ELCS08041,10
ELCS09010,NA
ELCS09012,NA
ELCS09013,NA
ELCS09014,NA
ELCS09016,NA
ELCS09017,3
ELCS09018,1
ELCS10008,15
ELCS10009,8
ELCS10011,6
ELCS10034,NA
ELCS10036,3
ELCS10037,6
ELCS10038,3
ELCS10039,9
ELCS10040,10
ELCS10041,9
ELCS10042,5
ELCS11004,NA
ELCS11005,NA
ELCS11007,NA
ELCS11013,2
ELCS11014,1
ELEE08015,200
ELEE08016,224
ELEE08020,163
ELEE08021,169
ELEE08022,178
ELEE09016,143
ELEE09023,124
ELEE09024,18
ELEE09026,157
ELEE09027,136
ELEE09029,152
ELEE09032,139
ELEE09034,126
ELEE09035,162
ELEE10003,16
ELEE10006,35
ELEE10007,35
ELEE10010,56
ELEE10011,35
ELEE10017,86
ELEE10020,20
ELEE10021,32
ELEE10023,31
ELEE10028,21
ELEE10029,46
ELEE10030,44
ELEE10031,54
ELEE10032,41
ELEE11043,16
ELEE11044,28
ELEE11045,NA
ELEE11049,27
ELEE11054,13
ELEE11073,12
ELEE11083,29
ELEE11085,36
ELEE11089,11
ELEE11090,25
ELEE11091,27
ELEE11092,9
ELEE11093,1
ELEE11095,11
ELEE11097,22
ELEE11103,9
ELEE11104,13
ELEE11106,3
ELEE11107,31
ELEE11109,30
ELEE11110,26
ELEE11111,6
EMND11003,NA
EMND11004,1
EMND11006,5
EMND11006,27
EMND11008,24
EMND11009,NA
EMND11021,10
EMND11023,NA
EMND11029,10
EMND11030,NA
EMND11031,15
EMND11033,6
ENAI07012,28
ENAI07013,20
ENDO11001,2
ENDO11002,2
ENDO12001,2
ENDO12002,2
ENDO12003,2
ENDO12004,NA
ENDO12005,NA
ENDO12006,NA
ENLI07001,19
ENLI08015,NA
ENLI08020,387
ENLI08021,362
ENLI08022,76
ENLI08023,70
ENLI08024,313
ENLI08025,315
ENLI10080,42
ENLI10083,14
ENLI10096,10
ENLI10099,49
ENLI10110,30
ENLI10113,13
ENLI10114,15
ENLI10115,15
ENLI10115,17
ENLI10119,30
ENLI10133,24
ENLI10178,25
ENLI10183,11
ENLI10200,10
ENLI10202,29
ENLI10206,9
ENLI10207,44
ENLI10210,12
ENLI10211,14
ENLI10217,24
ENLI10221,7
ENLI10223,29
ENLI10245,30
ENLI10249,14
ENLI10255,12
ENLI10265,32
ENLI10267,14
ENLI10271,28
ENLI10273,13
ENLI10279,30
ENLI10280,17
ENLI10286,14
ENLI10310,14
ENLI10315,14
ENLI10326,31
ENLI10329,189
ENLI10332,30
ENLI10333,13
ENLI10335,30
ENLI10340,12
ENLI10341,29
ENLI10342,15
ENLI10344,23
ENLI10345,30
ENLI10349,17
ENLI10351,31
ENLI10353,10
ENLI10354,11
ENLI10355,23
ENLI10357,12
ENLI10357,11
ENLI10366,12
ENLI10367,49
ENLI10368,90
ENLI10369,26
ENLI10370,30
ENLI10373,92
ENLI10375,28
ENLI10377,25
ENLI10378,6
ENLI10381,10
ENLI10383,24
ENLI10387,16
ENLI10388,14
ENLI10389,12
ENLI10391,32
ENLI10398,24
ENLI10399,9
ENLI10406,30
ENLI10409,12
ENLI10410,13
ENLI10412,9
ENLI10413,10
ENLI10414,20
ENLI10415,24
ENLI10417,12
ENLI10420,11
ENLI10421,10
ENLI10422,59
ENLI10423,208
ENLI10424,220
ENLI10426,14
ENLI10427,8
ENLI10428,15
ENLI10429,12
ENLI11007,5
ENLI11026,63
ENLI11027,63
ENLI11032,63
ENLI11038,6
ENLI11046,6
ENLI11061,4
ENLI11067,3
ENLI11072,3
ENLI11077,2
ENLI11079,29
ENLI11087,1
ENLI11096,57
ENLI11122,3
ENLI11125,137
ENLI11126,14
ENLI11134,33
ENLI11138,8
ENLI11140,21
ENLI11141,22
ENLI11146,NA
ENLI11149,1
ENLI11151,3
ENLI11152,14
ENLI11174,20
ENLI11176,11
ENLI11177,10
ENLI11178,10
ENLI11181,59
ENLI11182,59
ENLI11185,5
ENLI11195,4
ENLI11195,2
ENLI11196,10
ENLI11199,2
ENLI11200,30
ENLI11208,3
ENLI11209,6
ENLI11211,2
ENLI11212,4
ENLI11213,6
ENLI11215,4
ENLI11228,NA
ENLI11233,4
ENLI11235,6
ENLI11236,3
ENLI11241,3
ENLI11248,7
ENLI11249,2
ENLI11255,13
ENLI11257,6
ENLI11262,15
ENLI11264,3
ENLI11265,4
ENLI11267,3
ENLI11268,4
ENLI11271,6
ENLI11272,3
ENLI11274,13
ENLI11275,1
ENLI11277,3
ENLI11278,15
ENVI10001,45
ENVI11002,12
EPCC11001,47
EPCC11002,48
EPCC11003,50
EPCC11004,47
EPCC11005,37
EPCC11006,26
EPCC11007,34
EPCC11008,51
EPCC11009,38
EPCC11010,40
EPCC11011,46
EPCC11012,31
EPCC11013,14
EPCC11014,40
EPCC11015,NA
EPCC11016,NA
EPCC11018,NA
EPCD11004,NA
EQSC11036,12
EQSC11046,NA
EQSC11047,8
EQSC11048,24
EQSC11049,NA
EQSC11050,18
EQSC11051,15
EQSC11052,NA
EQSC11053,18
EVBI10001,8
EVBI10008,8
EVBI10009,18
EVBI10010,19
EVBI10011,29
FREN07001,NA
GEGR08002,88
GEGR08003,125
GEGR08004,100
GEGR08007,211
GEGR08009,149
GEGR08010,220
GEGR08011,106
GEGR08012,36
GEGR08013,38
GEGR09012,115
GEGR09018,31
GEGR09019,30
GEGR09020,79
GEGR09025,37
GEGR09026,19
GEGR10023,13
GEGR10053,133
GEGR10064,24
GEGR10072,22
GEGR10075,24
GEGR10102,43
GEGR10107,11
GEGR10114,42
GEGR10116,21
GEGR10118,27
GEGR10119,18
GEGR10120,107
GEGR10123,45
GEGR10125,26
GEGR10126,29
GEGR10128,45
GEGR10129,29
GEGR10130,13
GEGR10131,41
GEGR10132,25
GEGR10133,79
GEGR10134,24
GEGR10136,18
GEGR10137,34
GEGR10138,43
GEGR10139,37
GEGR10140,37
GEGR10141,11
GEGR10142,42
GEGR10144,1
GEGR11001,34
GENE10004,7
GENE10011,6
GENE10015,16
GENE10019,6
GENS12001,16
GENS12002,16
GENS12003,16
GENS12004,16
GENS12005,16
GENS12006,16
GENS12007,16
GENS12008,22
GENS12009,22
GENS12010,24
GESC08003,126
GESC10001,NA
GESC11001,18
GESC11002,7
GESC11003,7
GESC11004,3
GESC11005,3
GESC11009,20
GESC11010,32
GESC11014,3
GESC11016,24
GLHE11006,24
GLHE11009,NA
GLHE11012,NA
GLHE11016,NA
GLHE11017,50
GLHE11041,NA
GLHE11048,26
GLHE11063,39
GLHE11065,8
GLHE11071,27
GLHE11072,NA
GLHE11073,24
GLHE11074,31
GLHE11076,9
GLHE11077,36
GLHE11078,32
GLHE11079,27
GLHE11080,17
GLHE11082,6
GLHE11084,NA
GLHE11085,NA
GLHE11087,13
GLHE11090,2
GLHE11092,26
GLHE11093,15
GLHE11094,15
GMED11035,NA
GMED11036,1
GMED11037,1
GMED11038,1
GMED11040,NA
GREE08003,41
GREE08004,34
GREE08005,12
GREE08006,12
GREE08007,7
GREE08008,24
GREE08009,18
GREE10001,16
GREE10003,9
GREE10003,1
GREE10009,12
GREE10010,5
GREE10014,13
GREE10017,1
GREE10018,2
GREE10027,NA
GREE10028,NA
GREE10029,18
HEIN11037,59
HEIN11039,42
HEIN11040,34
HEIN11041,7
HEIN11042,NA
HEIN11043,14
HEIN11044,NA
HEIN11045,NA
HEIN11046,23
HEIN11047,15
HEIN11048,18
HEIN11049,4
HEIN11050,NA
HEIN11053,14
HEIN11054,26
HEIN11055,25
HEIN11056,10
HEIN11057,26
HEIN11059,25
HEIN11060,67
HEIN11060,63
HEIN11060,14
HEIN11061,NA
HEIN11062,37
HEIN11063,48
HEIN11066,52
HEIN11068,40
HEIN11070,4
HEIN11071,NA
HEIN11076,49
HIAR08025,233
HIAR08026,235
HIAR08027,206
HIAR08028,170
HIAR10005,24
HIAR10006,90
HIAR10008,16
HIAR10013,23
HIAR10014,22
HIAR10029,19
HIAR10035,15
HIAR10053,21
HIAR10065,21
HIAR10066,19
HIAR10068,19
HIAR10084,22
HIAR10102,24
HIAR10103,24
HIAR10106,15
HIAR10107,8
HIAR10108,20
HIAR10114,19
HIAR10119,21
HIAR10120,19
HIAR10122,19
HIAR10124,18
HIAR10134,20
HIAR10135,20
HIAR10145,21
HIAR10149,7
HIAR10155,11
HIAR10156,23
HIAR10157,15
HIAR10162,NA
HIAR10163,19
HIAR10164,20
HIAR10165,20
HIAR10166,9
HIAR10169,20
HIAR10170,98
HIAR10171,119
HIAR10172,20
HIAR10174,20
HIAR10175,18
HIAR10180,22
HIAR10191,17
HIAR10195,17
HIAR10196,20
HIAR10197,9
HIAR10198,11
HIAR10199,19
HIAR10200,20
HIAR10201,17
HIAR10202,21
HIAR10203,12
HIAR10204,15
HIAR10205,15
HIAR10206,20
HIAR11021,17
HIAR11026,1
HIAR11027,1
HIAR11028,10
HIAR11034,15
HIAR11036,13
HIAR11037,71
HIAR11038,78
HIAR11040,12
HIAR11043,18
HIAR11054,22
HIAR11066,9
HIAR11071,NA
HIAR11072,NA
HIAR11079,NA
HIAR11082,9
HIAR11085,3
HIAR11092,2
HIAR11093,9
HIAR11094,9
HIAR11095,18
HIAR11099,6
HIAR11100,13
HIAR11105,14
HIAR11106,16
HIAR11107,19
HIAR11108,12
HIAR11112,12
HIAR11113,11
HIAR11114,82
HIAR11123,20
HIAR11124,21
HIAR11125,14
HIAR11126,29
HIAR11127,5
HIAR11131,19
HIAR11132,13
HIAR11133,16
HIAR11134,3
HIST07001,NA
HIST08032,422
HIST08034,354
HIST08035,278
HIST08036,133
HIST08040,102
HIST08041,74
HIST08042,67
HIST08043,209
HIST08044,360
HIST08045,183
HIST10039,46
HIST10040,20
HIST10092,16
HIST10103,25
HIST10116,23
HIST10155,13
HIST10281,27
HIST10302,20
HIST10306,16
HIST10308,29
HIST10309,291
HIST10334,28
HIST10336,29
HIST10337,25
HIST10341,45
HIST10349,16
HIST10356,15
HIST10362,31
HIST10372,15
HIST10379,19
HIST10380,24
HIST10383,24
HIST10385,30
HIST10389,24
HIST10390,14
HIST10403,15
HIST10412,19
HIST10415,25
HIST10416,50
HIST10422,46
HIST10425,283
HIST10426,232
HIST10429,14
HIST10433,25
HIST10434,20
HIST10435,29
HIST10436,39
HIST10438,15
HIST10444,30
HIST10449,14
HIST10450,15
HIST10451,13
HIST10457,25
HIST10464,15
HIST10465,14
HIST10466,25
HIST10467,23
HIST10468,10
HIST10469,21
HIST10472,19
HIST10477,14
HIST10479,21
HIST10483,15
HIST10484,50
HIST10485,25
HIST10486,30
HIST10488,23
HIST10489,48
HIST10490,14
HIST10492,49
HIST10494,49
HIST10495,32
HIST10496,15
HIST10497,15
HIST10498,15
HIST10499,12
HIST10501,28
HIST10502,32
HIST10503,20
HIST10504,23
HIST10505,18
HIST10506,16
HIST10507,14
HIST10508,20
HIST10511,10
IBMS07001,146
IBMS08001,148
IBMS08004,146
IBMS08005,NA
IBMS08006,139
IBMS08007,95
IBMS08008,95
IBMS08009,150
IBMS08010,97
IBMS08011,63
IBMS08012,82
IBMS08013,47
IBMS08014,49
IBMS08015,47
IBMS09001,91
IBMS09002,91
IBMS09003,65
IBMS09004,115
IBMS09005,18
IBMS09006,68
IBMS09007,133
IBMS09008,42
IBMS09009,42
IBMS10003,117
IBMS10005,117
IBMS10006,NA
IBMS10007,35
IBMS10008,117
IBMS10010,71
IBMS10011,11
IBMS10012,117
IBMS12001,7
IBMS12002,11
IMED11001,40
IMED11003,40
IMED11004,40
IMED11005,30
IMED11006,40
IMED11007,29
IMED11008,23
IMED11009,13
IMED11010,28
IMED11012,20
IMED11013,22
IMED11014,NA
IMED11015,27
IMED11016,13
IMED11017,30
IMED11018,6
IMED11019,30
IMED11020,29
IMED11021,14
IMED11022,7
IMED11023,12
IMED11024,40
IMED11025,NA
IMED11026,NA
IMED11027,13
IMED11028,NA
IMED11029,8
IMED11030,20
IMES07001,20
IMES07001,12
IMES07003,4
IMES08006,35
IMES08007,4
IMES08022,NA
IMES08026,74
IMES08027,56
IMES08033,84
IMES08034,84
IMES08036,109
IMES08037,168
IMES08039,1
IMES08046,10
IMES08047,8
IMES08048,8
IMES08049,4
IMES08050,33
IMES08051,51
IMES08052,1
IMES08053,1
IMES10004,8
IMES10009,1
IMES10024,16
IMES10028,12
IMES10040,16
IMES10054,8
IMES10059,2
IMES10061,3
IMES10074,9
IMES10081,1
IMES10086,7
IMES10093,10
IMES10096,NA
IMES10097,2
IMES10099,12
IMES10106,14
IMES10107,14
IMES10108,15
IMES10109,12
IMES10110,9
IMES10112,15
IMES11014,12
IMES11019,NA
IMES11044,11
IMES11070,1
IMES11078,3
IMES11080,4
IMES11091,2
IMES11099,5
IMES11100,3
IMES11101,3
IMES11102,1
IMES11103,4
IMES11104,4
IMES11105,NA
IMES11106,NA
IMES11107,2
IMES11108,1
IMES11109,NA
IMES11110,1
IMES11111,NA
IMES11112,NA
IMES11113,NA
IMES11114,NA
IMES11117,2
IMES11118,1
IMES11119,5
IMES11121,5
IMES11122,11
IMMU10007,17
IMMU10011,25
IMMU10012,35
IMMU10013,20
IMMU10014,35
IMMU10015,35
IMMU10016,35
IMSE11001,NA
IMSE11002,NA
IMSE11003,2
IMSE11004,2
INAH11001,5
INAH11002,6
INAH11004,17
INAH11004,5
INAH11006,NA
INAH11007,NA
INAH11008,11
INAH11013,NA
INAH11015,4
INAH11017,5
INAH11021,NA
INAH11023,1
INAH11024,19
INAH11025,NA
INAH11026,1
INAH11027,4
INFD11003,14
INFD11005,32
INFD11007,17
INFD11009,36
INFD11010,54
INFD11011,15
INFD11012,14
INFD11013,8
INFD11014,24
INFD11015,NA
INFD11016,42
INFD11017,29
INFD11020,3
INFD11021,9
INFD11022,8
INFD11023,3
INFD11024,7
INFD11025,7
INFD11026,8
INFD11027,6
INFD11028,3
INFD11029,4
INFR08010,140
INFR08020,231
INFR08025,373
INFR08026,264
INFR08027,238
INFR08029,360
INFR08030,226
INFR08031,214
INFR08032,195
INFR08033,NA
INFR09032,171
INFR09051,251
INFR09053,57
INFR10022,224
INFR10044,227
INFR10051,39
INFR10052,60
INFR10054,NA
INFR10057,113
INFR10059,33
INFR10061,56
INFR10064,72
INFR10065,133
INFR10067,254
INFR10074,191
INFR10076,51
INFR10077,27
INFR10078,164
INFR10079,158
INFR10080,122
INFR10081,5
INFR10082,5
INFR10083,5
INFR10084,NA
INFR10085,107
INFR10086,105
INFR10088,32
INFR10089,12
INFR11010,105
INFR11017,116
INFR11020,75
INFR11023,25
INFR11033,61
INFR11077,253
INFR11088,149
INFR11093,51
INFR11094,75
INFR11095,9
INFR11097,33
INFR11098,65
INFR11099,50
INFR11114,29
INFR11116,NA
INFR11117,NA
INFR11125,130
INFR11129,14
INFR11130,121
INFR11131,29
INFR11132,115
INFR11134,58
INFR11136,222
INFR11140,42
INFR11144,44
INFR11145,54
INFR11147,245
INFR11150,21
INFR11157,108
INFR11158,31
INFR11160,128
INFR11161,92
INFR11164,22
INFR11166,26
INFR11167,NA
INFR11172,43
INFR11176,NA
INFR11177,30
INFR11187,24
INFR11192,10
INFR11193,10
INFR11194,11
INFR11195,10
INFR11197,11
INFR11198,46
INFR11199,52
INFR11201,29
INFR11202,62
INFR11203,10
INFR11204,NA
INFR11205,90
INFR11206,52
INFR11207,36
INFR11208,38
INFR11209,53
INFR11210,36
INFR11211,149
INFR11213,40
INFR11214,6
INFR11215,29
INFR11216,31
INFR11217,43
INFR11218,44
INFR11219,19
INFR11221,12
INFR11223,100
INFR11224,45
INFR11225,58
INFR11226,17
INFR11227,10
INFR11228,41
INFR11229,45
INFR11230,13
INFR11231,3
INFR11234,3
INFR11235,31
INFR11236,29
INFR11237,6
INFR11238,39
INFR11239,81
INFR11240,20
INFR11241,23
INFR11242,14
INFR11243,7
INFR11244,30
INFR11245,27
INFR11246,68
INFR11247,59
INFR11248,4
INFR11249,83
INFR11251,11
INFR11252,2
INFR11253,17
IPHP10001,13
IPHP10002,17
IPHP10004,10
IPHP11002,79
IPHP11003,49
IPHP11005,NA
IPHP11014,NA
IPHP11021,NA
ISSH11017,NA
LASC08017,162
LASC08018,89
LASC08019,110
LASC08020,123
LASC08022,268
LASC08023,186
LASC10002,92
LASC10009,1
LASC10018,31
LASC10021,53
LASC10024,61
LASC10029,40
LASC10030,44
LASC10031,56
LASC10049,30
LASC10050,14
LASC10059,13
LASC10060,10
LASC10061,74
LASC10062,15
LASC10063,9
LASC10067,47
LASC10072,29
LASC10073,5
LASC10079,19
LASC10084,22
LASC10085,32
LASC10086,18
LASC10088,14
LASC10089,5
LASC10090,26
LASC10098,20
LASC10099,10
LASC10102,27
LASC10104,9
LASC10107,34
LASC10109,18
LASC10110,32
LASC10111,4
LASC10112,3
LASC10114,78
LASC10115,16
LASC10116,12
LASC10117,10
LASC10121,31
LASC10122,1
LASC10123,12
LASC11013,29
LASC11014,40
LASC11028,20
LASC11031,39
LASC11032,9
LASC11033,17
LASC11035,20
LASC11036,20
LASC11037,36
LASC11058,5
LASC11061,NA
LASC11062,43
LASC11063,NA
LASC11074,NA
LASC11075,2
LASC11081,1
LASC11082,NA
LASC11085,56
LASC11089,28
LASC11096,40
LASC11097,6
LASC11106,6
LASC11112,29
LASC11113,66
LASC11117,3
LASC11123,1
LASC11125,3
LASC11127,20
LASC11135,12
LASC11136,5
LASC11137,5
LASC11138,10
LASC11141,25
LASC11142,10
LASC11143,28
LASC11145,121
LASC11148,2
LASC11152,11
LASC11155,26
LASC11158,40
LASC11159,16
LASC11160,14
LASC11162,8
LASC11163,11
LASC11164,33
LASC11165,2
LASC11166,25
LASC11167,40
LASC11169,13
LASC11173,10
LASC11175,41
LASC11177,88
LASC11178,21
LASC11179,7
LASC11180,21
LASC11181,1
LATI08007,37
LATI08008,28
LATI08009,28
LATI08010,24
LATI08011,23
LATI08012,28
LATI08013,5
LATI10011,13
LATI10012,7
LATI10017,NA
LATI10018,NA
LATI10022,19
LATI10030,NA
LATI10031,NA
LATI10043,15
LATI10046,15
LATI10049,14
LATI10050,20
LAWS08104,154
LAWS08114,247
LAWS08118,121
LAWS08119,151
LAWS08120,62
LAWS08123,312
LAWS08125,296
LAWS08126,281
LAWS08127,289
LAWS08128,366
LAWS08129,266
LAWS08130,308
LAWS08131,292
LAWS08132,278
LAWS08133,331
LAWS08134,276
LAWS08134,4
LAWS08135,279
LAWS08139,280
LAWS08141,296
LAWS08142,293
LAWS08143,253
LAWS10064,20
LAWS10067,12
LAWS10073,30
LAWS10075,32
LAWS10078,27
LAWS10083,29
LAWS10084,23
LAWS10086,29
LAWS10087,29
LAWS10097,195
LAWS10150,22
LAWS10155,25
LAWS10156,26
LAWS10160,30
LAWS10165,31
LAWS10166,33
LAWS10169,17
LAWS10172,10
LAWS10174,27
LAWS10175,27
LAWS10177,24
LAWS10185,30
LAWS10190,14
LAWS10193,21
LAWS10195,29
LAWS10196,28
LAWS10197,27
LAWS10199,24
LAWS10201,NA
LAWS10202,177
LAWS10203,30
LAWS10204,17
LAWS10205,30
LAWS10210,27
LAWS10211,23
LAWS10212,29
LAWS10213,16
LAWS10214,24
LAWS10216,21
LAWS10218,31
LAWS10219,28
LAWS10221,22
LAWS10224,31
LAWS10226,29
LAWS10227,9
LAWS10231,31
LAWS10232,30
LAWS10235,25
LAWS10236,32
LAWS10238,29
LAWS10240,14
LAWS10243,29
LAWS10246,30
LAWS10247,29
LAWS10253,28
LAWS10254,27
LAWS10255,13
LAWS10256,25
LAWS10257,31
LAWS10258,34
LAWS10259,29
LAWS10261,12
LAWS10262,27
LAWS10263,30
LAWS10264,25
LAWS10265,31
LAWS10266,11
LAWS10267,11
LAWS10268,25
LAWS10269,11
LAWS11016,51
LAWS11024,24
LAWS11030,37
LAWS11041,29
LAWS11047,21
LAWS11058,36
LAWS11070,17
LAWS11072,19
LAWS11114,29
LAWS11125,41
LAWS11129,43
LAWS11131,38
LAWS11137,25
LAWS11163,21
LAWS11177,8
LAWS11180,21
LAWS11183,NA
LAWS11184,7
LAWS11188,49
LAWS11190,17
LAWS11205,20
LAWS11207,23
LAWS11212,25
LAWS11213,30
LAWS11214,4
LAWS11215,6
LAWS11216,20
LAWS11219,10
LAWS11221,16
LAWS11223,12
LAWS11229,13
LAWS11234,23
LAWS11240,10
LAWS11242,7
LAWS11243,12
LAWS11245,33
LAWS11246,25
LAWS11249,139
LAWS11250,144
LAWS11251,138
LAWS11252,139
LAWS11253,144
LAWS11254,144
LAWS11264,19
LAWS11268,NA
LAWS11269,4
LAWS11270,14
LAWS11271,8
LAWS11273,3
LAWS11276,8
LAWS11282,17
LAWS11283,24
LAWS11284,21
LAWS11285,21
LAWS11292,44
LAWS11293,36
LAWS11296,22
LAWS11297,23
LAWS11306,12
LAWS11308,5
LAWS11310,138
LAWS11313,7
LAWS11318,16
LAWS11319,10
LAWS11321,25
LAWS11322,19
LAWS11325,43
LAWS11326,5
LAWS11327,NA
LAWS11328,21
LAWS11329,20
LAWS11334,6
LAWS11338,31
LAWS11341,17
LAWS11347,23
LAWS11358,21
LAWS11362,23
LAWS11363,25
LAWS11364,25
LAWS11370,25
LAWS11374,30
LAWS11380,14
LAWS11383,24
LAWS11384,18
LAWS11385,8
LAWS11386,21
LAWS11390,23
LAWS11394,18
LAWS11397,17
LAWS11400,18
LAWS11402,27
LAWS11403,9
LAWS11406,12
LAWS11410,13
LAWS11413,11
LAWS11416,17
LAWS11418,9
LAWS11421,30
LAWS11424,37
LAWS11429,26
LAWS11430,12
LAWS11431,13
LAWS11432,26
LAWS11433,22
LAWS11434,12
LAWS11435,28
LAWS11436,14
LAWS11437,23
LAWS11438,48
LAWS11439,39
LAWS11440,12
LAWS11441,44
LAWS11442,22
LAWS11443,49
LAWS11444,28
LAWS11445,36
LAWS11446,8
LAWS11447,8
LAWS11451,12
LAWS11452,8
LAWS11453,15
LAWS11454,19
LAWS11455,15
LAWS11456,13
LAWS11457,NA
LAWS11458,35
LAWS11459,19
LAWS11460,26
LAWS11461,15
LAWS11462,22
LAWS11464,25
LAWS11466,18
LAWS11467,5
LAWS11468,6
LAWS11469,10
LAWS11470,26
LAWS11471,10
LAWS11472,11
LAWS11474,10
LAWS11475,19
LAWS11476,11
LAWS11477,12
LAWS11478,18
LAWS11481,13
LAWS11482,16
LAWS11484,9
LAWS11485,6
LAWS11487,39
LAWS11488,40
LAWS11489,16
LAWS11490,4
LAWS11492,17
LAWS11495,16
LAWS11496,5
LAWS11497,11
LAWS11498,14
LAWS11499,23
LAWS11500,11
LAWS11501,13
LAWS11503,7
LAWS11504,14
LAWS11505,14
LAWS11506,25
LAWS11507,NA
LAWS11508,17
LEAP07001,75
LISC11051,NA
LISC11087,NA
LLLA07019,8
LLLA07031,NA
LLLA07045,6
LLLA07114,2
LLLA07117,10
LLLA07131,8
LLLA07148,9
LLLA07158,3
LLLA07163,6
LLLA07198,12
LLLA07199,17
LLLA07213,11
LLLA07214,4
LLLA07218,1
LLLA07221,2
LLLA07222,12
LLLA07226,7
LLLA07229,1
LLLA07230,3
LLLA07234,11
LLLA07235,NA
LLLA07239,4
LLLA07246,6
LLLA07255,NA
LLLA07256,6
LLLA07258,NA
LLLA07259,NA
LLLA07260,16
LLLA07262,7
LLLA07265,4
LLLA07266,4
LLLA07268,3
LLLA07270,1
LLLA07272,6
LLLA07273,8
LLLE07013,4
LLLE07021,1
LLLE07028,8
LLLE07041,10
LLLE07044,14
LLLE07045,6
LLLE07046,NA
LLLE07047,10
LLLE08002,NA
LLLE10001,7
LLLG07030,4
LLLG07030,16
LLLG07036,7
LLLG07038,15
LLLG07038,10
LLLG07043,3
LLLG07043,16
LLLG07058,16
LLLG07059,3
LLLG07067,40
LLLG07071,2
LLLG07089,17
LLLG07094,12
LLLG07097,4
LLLG07110,1
LLLG07121,15
LLLG07126,37
LLLG07127,37
LLLG07128,37
LLLG07129,37
LLLG07132,NA
LLLG07137,12
LLLG07139,6
LLLG07140,32
LLLG07141,117
LLLG07142,48
LLLG07143,28
LLLG07144,147
LLLG07145,241
LLLG07152,15
LLLG07153,15
LLLG07154,15
LLLG07155,15
LLLG07156,45
LLLG08004,NA
LLLG08005,NA
LLLI07003,16
LLLI07012,16
LLLI07031,35
LLLI07033,9
LLLJ07016,74
LLLJ07021,37
LLLJ07024,50
LLLJ07027,7
LLLJ07028,9
LLLJ07029,35
LLLJ08004,NA
LLLK07002,NA
LLLL07001,NA
LLLM08002,NA
LLLN08001,NA
LLLO07001,3
LLLO07002,1
LLLO07003,32
LLLO07004,16
LLLO07005,8
LLLO07006,2
LLLO07007,2
LLLO07008,NA
MAEE10002,56
MAEE10003,99
MAEE10005,197
MAEE11004,62
MAEE11005,26
MATH07003,253
MATH07004,47
MATH08051,222
MATH08057,570
MATH08058,675
MATH08059,508
MATH08062,45
MATH08063,263
MATH08064,300
MATH08065,197
MATH08066,261
MATH08068,143
MATH08071,49
MATH08072,150
MATH08073,174
MATH08074,401
MATH08075,456
MATH08077,237
MATH10003,225
MATH10007,184
MATH10010,50
MATH10013,73
MATH10017,17
MATH10024,12
MATH10028,70
MATH10031,23
MATH10047,19
MATH10051,28
MATH10053,92
MATH10060,180
MATH10063,178
MATH10064,149
MATH10065,271
MATH10066,365
MATH10067,352
MATH10068,240
MATH10068,3
MATH10069,250
MATH10071,148
MATH10072,124
MATH10073,102
MATH10074,124
MATH10076,38
MATH10076,1
MATH10077,31
MATH10079,42
MATH10079,1
MATH10080,29
MATH10082,26
MATH10082,NA
MATH10083,6
MATH10086,90
MATH10093,199
MATH10095,290
MATH10096,141
MATH10098,224
MATH10099,40
MATH10100,31
MATH10101,88
MATH10102,37
MATH10106,69
MATH11007,64
MATH11028,47
MATH11029,60
MATH11043,41
MATH11053,17
MATH11080,12
MATH11088,76
MATH11111,155
MATH11114,2
MATH11115,4
MATH11119,18
MATH11120,34
MATH11127,51
MATH11131,45
MATH11132,10
MATH11135,21
MATH11138,29
MATH11140,57
MATH11142,29
MATH11143,14
MATH11147,47
MATH11148,95
MATH11150,20
MATH11153,34
MATH11154,30
MATH11157,30
MATH11158,89
MATH11169,53
MATH11175,128
MATH11176,54
MATH11177,191
MATH11178,85
MATH11180,62
MATH11183,46
MATH11184,6
MATH11185,179
MATH11187,124
MATH11188,104
MATH11190,34
MATH11192,24
MATH11193,13
MATH11195,34
MATH11197,34
MATH11199,214
MATH11200,17
MATH11202,31
MATH11203,14
MATH11204,37
MATH11205,195
MATH11207,75
MATH11208,5
MATH11209,2
MATH11210,NA
MATH11211,3
MATH11212,NA
MATH11213,2
MATH11214,2
MATH11215,NA
MATH11216,1
MATH11217,9
MATH11218,NA
MATH11219,NA
MATH11220,13
MATH11222,NA
MATH11228,30
MATH11229,12
MATH11230,50
MATH11231,50
MATH11235,41
MATH11237,45
MATH11238,24
MATH11239,NA
MATH11240,17
MATH11242,91
MATH11243,9
MATH11244,35
MATH12023,12
MATH12024,12
MATH12025,12
MATH12026,NA
MATH12027,NA
MATH12028,3
MATH12029,1
MATH12030,NA
MATH12031,NA
MATH12032,NA
MATH12033,NA
MATH12034,NA
MATH12035,NA
MBCH08013,290
MBCH08014,32
MBCH09020,26
MBCH09021,283
MBCH10020,298
MBCH10021,287
MBCH10022,16
MBCH10023,NA
MBCH10024,23
MBCH10025,NA
MBCH11010,231
MCLM11001,NA
MCLM11002,NA
MCLM11019,NA
MCLM11020,12
MCLM11021,15
MCLM11022,NA
MCLM11023,7
MCLM11026,20
MCLM11027,12
MCLM11035,NA
MCLM11036,NA
MCLM11037,NA
MCLM11054,14
MCLM11072,8
MCLM11073,NA
MCLM11078,26
MCLM11079,28
MCLM11080,23
MCLM11081,10
MCLM11081,NA
MCLM11085,32
MCLM11086,32
MCLM11087,6
MCLM11088,8
MECE08009,225
MECE08013,182
MECE09026,153
MECE09030,127
MECE09032,121
MECE09033,117
MECE09034,160
MECE09036,158
MECE10002,112
MECE10004,70
MECE10007,64
MECE10008,68
MECE10009,83
MECE10012,66
MECE10015,41
MECE10016,64
MECE10017,16
MECE11001,50
MECE11004,28
MECE11006,63
MECE11007,62
MECE11008,105
MECE11009,32
MECE11014,31
MECE11017,66
MECE11018,20
MEED11013,101
MEED11014,90
MEED11017,53
MEED11020,32
MEED11021,11
MEED11022,96
MEED11024,16
MEED11025,25
MEED11027,47
MEED11028,NA
MEED11029,29
MEED11030,NA
MEED11031,NA
MEED11032,NA
MEED11033,NA
MEED11034,19
MEED11035,7
MEED11036,34
MEED11037,17
METE08001,76
METE08002,46
METE10001,16
METE10002,18
METE10003,20
METE10006,4
MIBM10041,32
MIBM10042,32
MIBM10052,32
MIBM10053,32
MLBI10009,52
MLBI10010,8
MLBI10017,58
MLBI10019,11
MLBI10022,8
MOGE10002,19
MOGE10004,9
MOGE10006,19
MOGE10007,35
MRES11001,11
MRES11002,11
MRES11003,11
MRES11004,11
MRES11005,11
MRES11006,11
MRES11008,10
MRES11009,7
MRES11010,7
MRES11013,7
MRES11014,7
MSBM08001,32
MSBM08002,34
MSBM09001,89
MSBM09003,32
MSBM09004,64
MSBM09005,50
MSBM10011,42
MSBM10013,44
MSBM10020,44
MUSI07001,21
MUSI08054,70
MUSI08057,59
MUSI08069,178
MUSI08073,29
MUSI08074,14
MUSI08075,42
MUSI08076,37
MUSI08077,47
MUSI08078,127
MUSI08079,28
MUSI08080,38
MUSI08082,48
MUSI08083,23
MUSI08084,41
MUSI10002,11
MUSI10016,13
MUSI10021,20
MUSI10038,10
MUSI10039,8
MUSI10055,15
MUSI10066,22
MUSI10067,25
MUSI10073,17
MUSI10076,10
MUSI10083,11
MUSI10086,19
MUSI10090,23
MUSI10092,12
MUSI10095,14
MUSI10099,26
MUSI10100,17
MUSI10101,25
MUSI10104,19
MUSI10105,12
MUSI10106,18
MUSI10107,26
MUSI10108,18
MUSI10109,25
MUSI10110,21
MUSI10111,13
MUSI10112,25
MUSI10113,13
MUSI10114,28
MUSI10115,22
MUSI10118,19
MUSI11006,21
MUSI11014,NA
MUSI11014,20
MUSI11015,19
MUSI11029,1
MUSI11030,1
MUSI11034,10
MUSI11035,11
MUSI11045,30
MUSI11048,11
MUSI11052,11
MUSI11053,22
MUSI11061,50
MUSI11063,51
MUSI11065,42
MUSI11066,29
MUSI11067,36
MUSI11068,26
MUSI11069,5
MUSI11071,18
MUSI11072,13
MUSI11074,11
MUSI11075,20
MUSI11076,12
MUSI11077,15
NEBM10005,66
NEBM10028,66
NEBM10035,66
NEBM10037,NA
NEBM10038,66
NEBM11002,30
NEBM11005,30
NEBM11007,30
NEBM11008,6
NEBM11009,6
NEBM11010,6
NEBM11013,12
NEBM11014,9
NEBM11015,NA
NEBM11016,30
NEBM11017,9
NEBM11018,30
NEME11004,7
NEME11005,7
NEME11006,4
NEME11008,2
NEME11010,7
NEME11011,7
NEME11012,4
NEME11016,7
NEME11017,NA
NEME11018,3
NEME11019,7
NEME11021,5
NEME11023,NA
NEME11024,NA
NEME11025,NA
NEME11026,4
NEME11027,NA
NEME11030,3
NEME11033,5
NEME11035,6
NEME11036,NA
NEME11037,6
NEME11038,3
NEME11040,3
NEME11052,NA
NEME11054,18
NEME11055,6
NEME11059,1
NEME11060,2
NEME11061,NA
NUST08019,40
NUST08020,58
NUST08021,42
NUST08022,73
NUST08023,39
NUST08024,54
NUST08025,55
NUST08026,41
NUST08027,1
NUST10033,26
NUST10036,64
NUST10046,35
NUST10053,48
NUST10054,56
NUST10055,42
NUST10056,44
NUST10057,49
NUST10058,45
NUST10059,42
NUST10060,17
NUST10061,8
NUST10062,8
NUST11033,NA
NUST11087,21
NUST11090,12
NUST11091,12
NUST11092,47
NUST11094,5
NUST11095,8
NUST11096,38
NUST11097,34
NUST11098,4
NUST11100,21
NUST11101,11
NUST11103,18
NUST11104,7
NUST11105,1
NUST11106,3
NUST11108,NA
NUST11108,2
NUST11109,NA
NUST11110,9
NUST11111,2
NUST11112,NA
NUST11113,10
NUST11114,11
NUST11115,6
NUST11116,3
NUST11117,4
NUST11118,22
NUST11119,8
NUST11120,24
NUST11121,5
NUST11122,12
NUST11123,10
NUST11124,NA
NUST11125,2
ORTH11001,2
ORTH12001,2
ORTH12002,2
ORTH12003,2
ORTH12004,2
ORTH12005,2
PAMA11051,4
PAMA11052,NA
PAMA11054,30
PAMA11055,28
PAMA11057,26
PAMA11059,27
PAMA11063,27
PAMA11064,NA
PAMA11065,NA
PAMA11067,33
PAMA11068,28
PAMA11070,26
PAMA11076,NA
PAMA11078,NA
PAMA11085,21
PAMA11088,5
PAMA11088,3
PAMA11088,4
PCOP11001,16
PCOP11002,16
PCOP11003,16
PCOP11004,16
PCOP11005,16
PCOP11006,16
PCOP11007,14
PCOP11008,14
PCOP11009,14
PCOP11010,14
PCOP11011,14
PCOP11012,14
PCOP11013,13
PDEN12001,3
PDEN12002,3
PDEN12003,3
PDEN12004,2
PDEN12005,NA
PDEN12006,NA
PDEN12007,1
PDEN12008,2
PECM11001,25
PECM11002,20
PECM11003,21
PECM11004,14
PECM11005,11
PECM11006,11
PECM11007,12
PECM11008,12
PECM11009,6
PECM11010,6
PGBI11003,64
PGBI11012,25
PGBI11020,24
PGBI11027,7
PGBI11034,25
PGBI11038,8
PGBI11040,40
PGBI11043,26
PGBI11044,24
PGBI11049,14
PGBI11051,13
PGBI11055,6
PGBI11057,30
PGBI11065,16
PGBI11083,9
PGBI11084,6
PGBI11085,15
PGBI11086,16
PGBI11087,11
PGBI11089,35
PGBI11090,7
PGBI11094,40
PGBI11095,35
PGBI11096,23
PGBI11099,12
PGBI11100,16
PGBI11101,14
PGBI11102,14
PGBI11103,25
PGBI11104,14
PGBI11105,40
PGBI11106,NA
PGBI11107,20
PGBI11108,25
PGBI11114,25
PGBI11116,18
PGBI11118,21
PGBI11122,19
PGBI11123,34
PGBI11124,15
PGBI11125,15
PGBI11126,4
PGBI11127,12
PGBI11128,29
PGBI11129,17
PGBI11130,30
PGBI11131,24
PGBI11132,10
PGBI11133,8
PGBI11134,8
PGBI11135,15
PGBI11136,15
PGEE09002,7
PGEE10002,22
PGEE10006,8
PGEE10008,10
PGEE10012,20
PGEE10018,53
PGEE10019,29
PGEE10025,16
PGEE10026,7
PGEE10033,29
PGEE10034,NA
PGEE10035,32
PGEE10036,43
PGEE10040,17
PGEE10041,5
PGEE10042,29
PGEE11001,51
PGEE11010,34
PGEE11016,47
PGEE11017,50
PGEE11019,33
PGEE11021,28
PGEE11023,10
PGEE11024,40
PGEE11029,81
PGEE11035,1
PGEE11038,25
PGEE11042,5
PGEE11045,12
PGEE11051,1
PGEE11055,22
PGEE11065,27
PGEE11074,25
PGEE11081,1
PGEE11088,9
PGEE11091,9
PGEE11093,9
PGEE11095,10
PGEE11096,9
PGEE11107,86
PGEE11108,28
PGEE11113,NA
PGEE11115,11
PGEE11117,10
PGEE11120,34
PGEE11121,32
PGEE11124,29
PGEE11125,59
PGEE11130,NA
PGEE11134,NA
PGEE11136,27
PGEE11137,7
PGEE11140,19
PGEE11150,15
PGEE11151,25
PGEE11152,11
PGEE11155,4
PGEE11156,1
PGEE11160,5
PGEE11161,51
PGEE11164,32
PGEE11165,18
PGEE11169,25
PGEE11170,19
PGEE11172,25
PGEE11174,7
PGEE11175,42
PGEE11177,9
PGEE11182,4
PGEE11183,9
PGEE11184,5
PGEE11185,3
PGEE11186,9
PGEE11187,9
PGEE11188,9
PGEE11189,9
PGEE11190,12
PGEE11192,10
PGEE11193,9
PGEE11194,33
PGEE11195,136
PGEE11197,44
PGEE11198,7
PGEE11199,10
PGEE11200,32
PGEE11210,22
PGEE11211,22
PGEE11212,22
PGEE11213,22
PGEE11215,22
PGEE11216,22
PGEE11217,22
PGEE11218,31
PGEE11219,36
PGEE11220,1
PGEE11221,12
PGEE11225,19
PGEE11227,8
PGEE11228,8
PGEE11229,8
PGEE11230,23
PGEE11231,21
PGEE11233,NA
PGEE11234,32
PGEE11234,11
PGEE11235,12
PGEE11236,19
PGEE11237,6
PGEE11238,9
PGEE11239,10
PGEE11240,12
PGEE11241,NA
PGEE11242,8
PGEE11243,12
PGEE11244,7
PGEE11245,19
PGEE11246,7
PGEE11247,7
PGEE11248,7
PGEE11249,52
PGEE11250,30
PGGE08001,10
PGGE11003,33
PGGE11004,34
PGGE11006,26
PGGE11008,24
PGGE11009,38
PGGE11010,27
PGGE11016,36
PGGE11018,33
PGGE11051,18
PGGE11057,27
PGGE11083,10
PGGE11096,17
PGGE11106,9
PGGE11114,27
PGGE11119,19
PGGE11126,30
PGGE11127,28
PGGE11128,30
PGGE11138,35
PGGE11139,27
PGGE11141,41
PGGE11144,8
PGGE11164,29
PGGE11165,34
PGGE11166,31
PGGE11172,26
PGGE11178,30
PGGE11180,20
PGGE11182,11
PGGE11183,25
PGGE11188,22
PGGE11189,29
PGGE11190,17
PGGE11192,25
PGGE11200,21
PGGE11202,20
PGGE11207,NA
PGGE11216,30
PGGE11218,32
PGGE11221,17
PGGE11223,34
PGGE11224,16
PGGE11226,18
PGGE11231,24
PGGE11233,30
PGGE11234,27
PGGE11235,10
PGGE11236,37
PGGE11237,26
PGGE11238,35
PGGE11239,24
PGGE11241,20
PGGE11242,1
PGGE11247,34
PGGE11250,40
PGGE11252,17
PGGE11253,23
PGGE11254,36
PGGE11257,35
PGGE11260,19
PGGE11261,16
PGGE11263,41
PGGE11265,36
PGGE11267,31
PGGE11268,27
PGGE11269,30
PGGE11270,NA
PGGE11271,17
PGGE11272,22
PGGE11273,28
PGGE11274,29
PGGE11275,33
PGGE11277,NA
PGGE11278,10
PGGE11279,11
PGGE11281,10
PGGE11282,11
PGGE11283,11
PGGE11284,3
PGGE11285,27
PGGE11286,24
PGGE11287,NA
PGGE11288,23
PGGE11289,17
PGGE11290,3
PGGE11291,29
PGGE11292,10
PGGE11293,2
PGGE11294,29
PGGE11295,20
PGGE11296,19
PGHC11022,5
PGHC11041,13
PGHC11060,12
PGHC11079,16
PGHC11080,5
PGHC11083,34
PGHC11086,22
PGHC11087,8
PGHC11088,8
PGHC11089,6
PGHC11092,1
PGHC11100,16
PGHC11111,8
PGHC11125,14
PGHC11144,15
PGHC11185,10
PGHC11190,14
PGHC11192,7
PGHC11193,1
PGHC11194,7
PGHC11195,15
PGHC11224,14
PGHC11231,18
PGHC11239,7
PGHC11257,9
PGHC11267,2
PGHC11268,1
PGHC11269,1
PGHC11270,1
PGHC11274,11
PGHC11282,3
PGHC11283,9
PGHC11312,5
PGHC11313,16
PGHC11313,48
PGHC11313,7
PGHC11316,6
PGHC11318,4
PGHC11329,3
PGHC11334,87
PGHC11335,90
PGHC11341,14
PGHC11344,4
PGHC11349,2
PGHC11360,8
PGHC11367,18
PGHC11374,18
PGHC11376,17
PGHC11377,13
PGHC11378,38
PGHC11379,46
PGHC11389,17
PGHC11397,9
PGHC11407,16
PGHC11412,7
PGHC11413,24
PGHC11428,12
PGHC11429,7
PGHC11430,6
PGHC11435,NA
PGHC11436,NA
PGHC11437,7
PGHC11446,13
PGHC11448,11
PGHC11449,16
PGHC11454,4
PGHC11457,3
PGHC11459,8
PGHC11462,23
PGHC11463,6
PGHC11464,18
PGHC11465,13
PGHC11474,18
PGHC11475,18
PGHC11478,15
PGHC11487,4
PGHC11489,14
PGHC11496,13
PGHC11499,10
PGHC11502,4
PGHC11506,16
PGHC11507,15
PGHC11508,7
PGHC11512,11
PGHC11515,17
PGHC11523,6
PGHC11525,14
PGHC11531,15
PGHC11533,9
PGHC11538,11
PGHC11538,3
PGHC11538,2
PGHC11541,14
PGHC11542,14
PGHC11544,15
PGHC11546,7
PGHC11548,3
PGHC11550,9
PGHC11559,15
PGHC11564,NA
PGHC11565,1
PGHC11566,NA
PGHC11567,4
PGHC11569,8
PGHC11570,8
PGHC11574,NA
PGHC11577,19
PGHC11580,19
PGHC11581,10
PGHC11583,15
PGHC11584,13
PGHC11585,7
PGHC11586,13
PGHC11587,9
PGHC11588,15
PGHC11589,10
PGHC11590,11
PGHC11592,7
PGHC12002,NA
PGPH11085,40
PGPH11087,41
PGPH11097,44
PGPH11097,NA
PGPH11098,40
PGPH11099,35
PGPH11101,20
PGPH11103,20
PGPH11104,25
PGPH11105,42
PGPH11106,7
PGPH11107,7
PGPH11108,7
PGSP11016,139
PGSP11042,47
PGSP11049,50
PGSP11052,25
PGSP11055,NA
PGSP11057,53
PGSP11060,46
PGSP11061,11
PGSP11097,3
PGSP11098,NA
PGSP11099,NA
PGSP11104,43
PGSP11110,47
PGSP11116,105
PGSP11132,84
PGSP11133,11
PGSP11146,22
PGSP11156,68
PGSP11162,79
PGSP11170,39
PGSP11171,69
PGSP11172,19
PGSP11176,30
PGSP11178,34
PGSP11184,33
PGSP11188,11
PGSP11191,33
PGSP11203,28
PGSP11208,93
PGSP11225,53
PGSP11229,50
PGSP11240,87
PGSP11247,66
PGSP11248,12
PGSP11251,16
PGSP11275,24
PGSP11291,70
PGSP11296,72
PGSP11299,31
PGSP11300,24
PGSP11304,33
PGSP11318,44
PGSP11319,67
PGSP11326,57
PGSP11327,27
PGSP11328,10
PGSP11331,30
PGSP11338,15
PGSP11340,10
PGSP11348,49
PGSP11349,15
PGSP11352,27
PGSP11353,28
PGSP11354,16
PGSP11358,39
PGSP11359,28
PGSP11361,30
PGSP11363,64
PGSP11364,39
PGSP11367,24
PGSP11369,30
PGSP11371,3
PGSP11376,2
PGSP11379,22
PGSP11385,NA
PGSP11388,12
PGSP11389,7
PGSP11390,9
PGSP11391,7
PGSP11393,27
PGSP11398,73
PGSP11400,29
PGSP11401,13
PGSP11412,27
PGSP11415,6
PGSP11416,14
PGSP11418,28
PGSP11420,NA
PGSP11421,2
PGSP11422,36
PGSP11423,19
PGSP11424,21
PGSP11431,5
PGSP11452,7
PGSP11453,12
PGSP11455,15
PGSP11463,51
PGSP11466,54
PGSP11467,30
PGSP11469,31
PGSP11476,36
PGSP11480,42
PGSP11484,16
PGSP11486,15
PGSP11487,20
PGSP11491,43
PGSP11492,45
PGSP11499,6
PGSP11501,11
PGSP11502,NA
PGSP11503,1
PGSP11504,NA
PGSP11505,NA
PGSP11506,1
PGSP11507,1
PGSP11516,11
PGSP11519,NA
PGSP11521,NA
PGSP11522,52
PGSP11524,49
PGSP11526,14
PGSP11534,11
PGSP11537,NA
PGSP11538,NA
PGSP11539,NA
PGSP11540,NA
PGSP11542,30
PGSP11543,NA
PGSP11544,NA
PGSP11545,NA
PGSP11546,NA
PGSP11547,NA
PGSP11549,NA
PGSP11551,NA
PGSP11552,30
PGSP11554,NA
PGSP11556,NA
PGSP11558,33
PGSP11562,49
PGSP11563,59
PGSP11565,NA
PGSP11566,NA
PGSP11567,37
PGSP11569,23
PGSP11571,4
PGSP11572,8
PGSP11573,18
PGSP11574,NA
PGSP11576,15
PGSP11578,1
PGSP11579,11
PGSP11580,5
PGSP11581,67
PGSP11583,27
PGSP11584,21
PGSP11585,23
PGSP11586,23
PGSP11587,23
PGSP11588,23
PGSP11590,30
PGSP11591,13
PGSP11596,12
PGSP11597,2
PGSP11598,5
PGSP11599,17
PGSP11600,24
PGSP11601,14
PGSP11602,34
PGSP11603,28
PGSP11605,16
PGSP11607,20
PGSP11608,13
PGSP11611,48
PGSP11612,6
PGSP11615,5
PGSP11616,25
PGSP11617,12
PGSP11618,27
PGSP11619,7
PGSP11620,5
PGSP11622,48
PGSP11623,48
PGSP11625,23
PGSP11627,NA
PGSP12001,12
PHBM10017,35
PHBM10018,36
PHBM10035,36
PHBM10036,35
PHIL07002,51
PHIL08004,432
PHIL08005,168
PHIL08014,308
PHIL08015,416
PHIL08017,329
PHIL08019,202
PHIL08020,156
PHIL10005,21
PHIL10007,48
PHIL10014,12
PHIL10017,42
PHIL10019,24
PHIL10026,36
PHIL10056,7
PHIL10064,26
PHIL10086,21
PHIL10090,27
PHIL10093,51
PHIL10099,24
PHIL10103,22
PHIL10117,48
PHIL10125,25
PHIL10133,14
PHIL10143,39
PHIL10147,27
PHIL10152,51
PHIL10153,26
PHIL10155,49
PHIL10156,24
PHIL10160,26
PHIL10161,10
PHIL10162,46
PHIL10167,29
PHIL10171,NA
PHIL10174,45
PHIL10175,46
PHIL10176,25
PHIL10182,31
PHIL10183,27
PHIL10186,24
PHIL10187,10
PHIL10190,26
PHIL10192,26
PHIL10195,26
PHIL10196,21
PHIL10197,32
PHIL10203,34
PHIL10204,50
PHIL10207,26
PHIL10208,35
PHIL10210,45
PHIL10211,24
PHIL10212,27
PHIL10213,26
PHIL10214,48
PHIL10216,27
PHIL10219,25
PHIL10220,11
PHIL10221,26
PHIL10222,46
PHIL10224,28
PHIL10225,51
PHIL10226,25
PHIL10227,25
PHIL10228,NA
PHIL10229,26
PHIL10230,26
PHIL10231,51
PHIL10232,19
PHIL10233,23
PHIL10234,45
PHIL11001,43
PHIL11020,5
PHIL11036,3
PHIL11037,19
PHIL11038,16
PHIL11040,NA
PHIL11043,11
PHIL11103,4
PHIL11104,11
PHIL11114,5
PHIL11130,25
PHIL11131,15
PHIL11133,12
PHIL11134,9
PHIL11135,17
PHIL11136,5
PHIL11138,2
PHIL11146,2
PHIL11147,7
PHIL11157,6
PHIL11159,16
PHIL11160,22
PHIL11178,2
PHIL11179,4
PHIL11186,26
PHIL11187,15
PHIL11194,23
PHIL11197,13
PHIL11203,63
PHIL11204,9
PHIL11207,18
PHIL11209,8
PHIL11217,4
PHIL11218,22
PHIL11219,17
PHIL11221,13
PHIL11224,8
PHIL11225,11
PHIL11226,6
PHIL11227,12
PHIL11228,3
PHIL11229,22
PHIL11230,21
PHIL11231,12
PHIL11232,2
PHIL11233,12
PHIL11235,6
PHIL11236,9
PHYS08016,331
PHYS08017,300
PHYS08021,78
PHYS08026,182
PHYS08035,278
PHYS08036,330
PHYS08039,225
PHYS08042,240
PHYS08043,253
PHYS08045,251
PHYS08046,228
PHYS08049,224
PHYS08050,294
PHYS08051,220
PHYS08052,27
PHYS08053,34
PHYS08054,28
PHYS08057,39
PHYS08058,219
PHYS09019,23
PHYS09021,11
PHYS09050,6
PHYS09051,6
PHYS09053,177
PHYS09054,11
PHYS09055,185
PHYS09056,183
PHYS09057,151
PHYS09059,58
PHYS09060,200
PHYS09061,219
PHYS09062,1
PHYS09063,92
PHYS10015,89
PHYS10015,4
PHYS10034,65
PHYS10035,75
PHYS10042,135
PHYS10043,59
PHYS10083,51
PHYS10086,35
PHYS10087,81
PHYS10090,116
PHYS10092,8
PHYS10093,32
PHYS10094,57
PHYS10095,31
PHYS10096,152
PHYS10097,11
PHYS10099,141
PHYS10100,55
PHYS10101,1
PHYS10102,1
PHYS10105,35
PHYS10106,27
PHYS10107,26
PHYS10110,32
PHYS10111,57
PHYS10112,68
PHYS11007,24
PHYS11007,NA
PHYS11010,87
PHYS11011,107
PHYS11012,56
PHYS11016,84
PHYS11019,68
PHYS11019,2
PHYS11024,109
PHYS11035,21
PHYS11037,17
PHYS11040,31
PHYS11041,42
PHYS11042,39
PHYS11044,40
PHYS11045,56
PHYS11049,84
PHYS11050,7
PHYS11051,8
PHYS11053,17
PHYS11055,7
PHYS11059,39
PHYS11061,17
PHYS11063,33
PHYS11064,33
PHYS11065,48
PHYS11066,18
PHYS11067,30
PHYS11070,29
PHYS11071,28
PLIT08008,344
PLIT08009,217
PLIT08011,502
PLIT08012,277
PLIT08016,256
PLIT08017,446
PLIT08018,431
PLIT08020,190
PLIT08021,195
PLIT10003,45
PLIT10021,124
PLIT10030,150
PLIT10036,92
PLIT10048,37
PLIT10052,29
PLIT10054,44
PLIT10057,128
PLIT10068,57
PLIT10080,17
PLIT10091,31
PLIT10093,40
PLIT10100,28
PLIT10103,38
PLIT10105,13
PLIT10106,260
PLIT10108,42
PLIT10109,44
PLIT10110,35
PLIT10113,42
PLIT10114,42
PLIT10117,35
PLIT10119,22
PLIT10124,25
PLIT10125,45
PLIT10128,33
PLIT10130,45
PLIT10132,42
PLIT10133,27
PLIT10135,45
PLIT10136,42
PLIT10140,54
PLIT10142,30
PLIT10147,59
PLIT10149,44
PLIT10150,38
PLIT10151,117
PLIT10154,119
PLIT10155,45
PLIT10157,35
PLIT10158,44
PLIT10159,38
PLIT10161,20
PLIT10162,43
PLIT10163,45
PLIT10164,36
PLIT10166,45
PLIT10167,43
PLIT10168,12
PLIT10169,17
PLIT10170,42
PLIT11013,NA
PLIT11016,12
PLIT11018,45
PLSC10002,4
PLSC10004,4
PLSC10006,4
PLSC10018,3
PLSC10023,27
PLSC10024,3
PLSC10026,4
PLSC11002,25
PLSC11003,22
PLSC11004,21
PLSC11005,20
PLSC11006,20
PLSC11008,25
PPLS08002,80
PRGE11001,2
PRGE11002,NA
PRGE11006,1
PRGE11020,4
PROS11001,NA
PROS11002,NA
PROS11003,3
PROS12001,NA
PROS12002,NA
PROS12003,NA
PROS12004,NA
PROS12005,3
PROS12006,3
PROS12007,3
PROS12008,3
PSHF11001,32
PSHF11002,1
PSHF11003,NA
PSHF11003,33
PSHF11004,29
PSHF11005,NA
PSHF11005,29
PSHF11006,NA
PSHF11006,29
PSHF11007,24
PSHF11008,NA
PSHF11008,33
PSYL08009,310
PSYL08010,247
PSYL08011,219
PSYL08012,217
PSYL08013,166
PSYL08015,216
PSYL10004,207
PSYL10005,144
PSYL10090,156
PSYL10102,161
PSYL10131,157
PSYL10135,50
PSYL10136,98
PSYL10138,38
PSYL10140,101
PSYL10149,49
PSYL10150,161
PSYL10152,49
PSYL10153,99
PSYL10157,46
PSYL10158,59
PSYL10161,48
PSYL10163,29
PSYL10166,78
PSYL10168,251
PSYL10170,47
PSYL10171,75
PSYL10174,243
PSYL10175,48
PSYL10176,40
PSYL10177,100
PSYL10178,38
PSYL10179,75
PSYL10180,46
PSYL10182,42
PSYL10183,55
PSYL11032,24
PSYL11033,20
PSYL11034,17
PSYL11036,1
PSYL11037,1
PSYL11058,36
PSYL11062,13
PSYL11065,91
PSYL11078,20
PSYL11092,8
PSYL11098,96
PSYL11099,94
PSYL11100,29
PSYL11101,23
PSYL11102,25
PSYL11103,9
PSYL11104,11
PSYL11107,20
PSYL11108,30
PSYL11109,17
PSYL11110,15
PSYL11111,9
PSYL11112,11
PSYL11113,26
PSYL11114,9
PUHR11001,65
PUHR11008,32
PUHR11016,67
PUHR11032,69
PUHR11033,68
PUHR11038,81
PUHR11040,28
PUHR11047,NA
PUHR11049,69
PUHR11049,NA
PUHR11050,67
PUHR11054,25
PUHR11056,29
PUHR11057,27
PUHR11058,41
PUHR11063,15
PUHR11064,41
PUHR11065,6
PUHR11066,11
PUHR11067,50
PUHR11068,41
PUHR11069,31
PUHR11074,15
PUHR11074,NA
PUHR11076,16
PUHR11079,24
PUHR11080,33
PUHR11081,35
PUHR11082,37
PUHR11083,7
PUHR11084,42
PUHR11085,64
PUHR11087,7
PUHR11088,21
PUHR11089,NA
PUHR11091,12
PUHR11097,NA
PUHR11103,40
PUHR11105,22
PUHR11106,8
PUHR11107,NA
PUHR11111,NA
PUHR11112,14
PUHR11113,17
PUHR11114,40
PUHR11115,71
PUHR11116,11
PUHR11117,9
PUHR11118,16
PUHR11119,16
REBM11018,5
REBM11021,5
REBM11023,NA
REBM11024,5
REDU11002,11
REDU11010,91
REDU11011,92
REDU11024,49
REDU11026,20
REDU11028,14
REDU11029,25
REDU11045,703
REDU11046,707
REDU11050,NA
REDU11051,NA
REDU11052,8
REDU11064,49
REDU11071,NA
REDU11074,21
REDU11075,10
REDU11077,1
REDU11078,17
REDU11078,19
REDU11079,NA
REDU11080,12
REDU11081,84
REDU11082,NA
REDU11083,187
REDU11084,252
REDU11085,14
REDU11086,NA
REDU11087,124
REDU11088,27
REDU11089,49
REDU11091,NA
REDU11092,58
REDU11093,29
REGM11001,16
REGM11002,16
REGM11003,16
REGM11004,NA
REGM11005,NA
REGM11006,NA
REPB10002,36
REPB10003,36
REPB10004,36
REPB10005,36
REST11012,7
REST11014,7
REST11019,3
REST11020,1
REST11026,6
SAST08003,103
SAST10001,25
SCAN08005,123
SCAN08010,208
SCAN08011,126
SCAN08012,260
SCAN08013,114
SCAN08015,260
SCAN08016,164
SCAN10010,31
SCAN10021,107
SCAN10022,82
SCAN10023,85
SCAN10028,25
SCAN10030,77
SCAN10031,86
SCAN10036,85
SCAN10037,104
SCAN10057,30
SCAN10062,36
SCAN10064,1
SCAN10066,32
SCAN10068,34
SCAN10070,33
SCAN10078,10
SCAN10079,30
SCAN10082,13
SCAN10083,13
SCAN10085,30
SCAN10086,28
SCAN10088,14
SCAN10089,30
SCAN10090,15
SCAN10092,14
SCAN10094,13
SCAN10095,29
SCAN11008,15
SCAN11027,70
SCEE08003,342
SCEE08006,273
SCEE08008,228
SCEE08009,441
SCEE08010,515
SCEE08011,397
SCEE08012,427
SCEE08014,427
SCEE08015,412
SCEE08016,316
SCEE08017,38
SCEE08018,49
SCEE09001,151
SCEE09002,307
SCEE09004,121
SCEE11007,15
SCEE11008,28
SCEE11014,138
SCEE11017,20
SCET08006,74
SCET08007,70
SCET08008,28
SCET08009,64
SCET10015,21
SCET10017,3
SCET10019,16
SCET10020,19
SCET10025,10
SCET10029,NA
SCET10030,1
SCET10032,6
SCET10034,31
SCET10037,NA
SCET11011,NA
SCHI10005,20
SCHI10010,14
SCHI10077,23
SCIL08004,414
SCIL08005,352
SCIL08008,139
SCIL08009,96
SCIL08012,154
SCIL08013,151
SCIL10018,141
SCIL10023,60
SCIL10024,45
SCIL10045,81
SCIL10047,49
SCIL10058,39
SCIL10062,136
SCIL10063,139
SCIL10064,50
SCIL10065,59
SCIL10067,51
SCIL10071,24
SCIL10072,50
SCIL10080,39
SCIL10081,60
SCIL10082,44
SCIL10089,50
SCIL10091,NA
SCIL10093,61
SCIL10094,24
SCIL10096,13
SCIL10097,19
SCIL11009,111
SCIL11016,29
SCIL11029,73
SCIL11030,73
SCIL11036,22
SCIL11037,29
SCIL11042,14
SCPL08004,169
SCPL08005,195
SCPL08010,112
SCPL08012,113
SCPL08014,76
SCPL08015,57
SCPL10005,36
SCPL10012,38
SCPL10020,43
SCPL10022,2
SCPL10029,35
SCPL10030,7
SCPL10034,15
SCPL10040,48
SCPL10041,50
SCPL10042,29
SCPL10043,22
SCPL10044,18
SCPL10045,61
SCPL11017,47
SCPL11021,40
SCWR08003,60
SCWR08005,49
SCWR08007,60
SCWR08008,58
SCWR08009,101
SCWR10029,23
SCWR10030,23
SCWR10031,21
SCWR10032,31
SCWR10033,31
SCWR10034,22
SCWR10035,21
SCWR10036,31
SCWR10037,23
SCWR11009,25
SCWR11027,22
SCWR11033,22
SCWR11035,25
SCWR11036,21
SCWR11037,24
SCWR11038,21
SCWR11039,21
SCWR11040,22
SHSS08001,99
SHSS08002,81
SHSS08003,12
SHSS08004,90
SHSS08005,91
SHSS10003,35
SHSS10004,23
SHSS10005,44
SHSS10006,22
SHSS10007,14
SHSS10008,13
SHSS10009,21
SHSS10010,24
SHSS10011,67
SHSS11003,8
SPRT08001,1
SPRT08012,1
SPRT08014,NA
SPRT08016,2
SPRT08019,63
SPRT08020,58
SPRT08021,151
SPRT08022,152
SPRT08023,57
SPRT08024,58
SPRT08026,40
SPRT08027,59
SPRT08028,60
SPRT08029,60
SPRT08030,40
SPRT08031,40
SPRT08032,61
SPRT08033,48
SPRT10003,63
SPRT10004,39
SPRT10005,38
SPRT10006,26
SPRT10012,39
SPRT10020,14
SPRT10021,31
SPRT10024,24
SPRT10025,46
SPRT10027,33
SPRT10029,17
SPRT10030,21
SPRT10031,43
SPRT10032,62
SPRT10033,58
SPRT10034,50
SPRT10035,38
SPRT10037,32
SPRT10038,26
SPRT10046,38
SPRT10047,39
SPRT10049,5
SPRT10050,64
SPRT10051,21
SPRT10052,64
SPRT10053,21
SPRT10054,37
SPRT10055,27
SPRT10056,28
SPRT11001,26
SPRT11002,24
SPRT11004,27
SPRT11005,24
SPRT11011,23
SPRT11012,23
SPRT11013,22
SSPS07003,NA
SSPS08007,21
SSPS08008,57
SSPS08009,39
SSPS08012,242
SSPS08013,124
SSPS10001,76
SSPS10014,33
SSPS10024,23
SSPS10027,31
SSPS10028,NA
SSPS10029,9
STEM11001,4
STEM11002,2
STEM11003,3
STEM11004,NA
STEM11005,2
STEM11006,8
STEM11007,NA
STEM11008,NA
STEM11009,2
STEM11010,3
STEM11011,2
STEM11012,NA
STEM11013,1
STIS08002,13
STIS08005,70
STIS08006,23
STIS08007,99
STIS08008,48
STIS08009,201
STIS08010,24
STIS08011,70
STIS10001,90
STIS10008,114
STIS10009,60
STIS10012,47
STIS10013,43
STIS10014,NA
STIS10014,5
STIS10015,11
STIS11001,8
SURG11006,43
SURG11010,24
SURG11011,28
SURG11012,21
SURG11014,24
SURG11015,27
SURG11016,42
SURG11017,42
THET11015,7
THET11035,7
THET11037,8
THET11046,15
THET11049,10
THET11051,9
THET11058,1
THET11059,8
THET11060,1
THET11062,2
THET11063,3
THET11064,4
THET11067,2
TPGR11004,13
TROR12001,23
TROR12002,21
TROR12003,19
TROR12004,19
TROR12005,17
TROR12006,17
TROR12007,17
TROR12008,17
TROR12009,19
TROR12010,19
TROR12011,17
TROR12012,19
TROR12013,21
UCHM12001,11
UCHM12002,11
UCHM12003,11
UCHM12004,11
UCHM12005,11
UCHM12006,11
UCHM12007,11
UCHM12008,11
UCHM12009,6
UCHM12010,6
UCHM12011,6
VCHM12001,12
VCHM12002,12
VCHM12003,12
VCHM12004,12
VCHM12005,12
VCHM12006,12
VCHM12007,12
VCHM12008,12
VCHM12009,12
VCHM12010,12
VCHM12011,12
VCHM12012,7
VCHM12013,7
VCHM12014,10
VESC11011,NA
VESC11019,21
VESC11020,22
VESC11021,10
VESC11022,19
VESC11023,24
VESC11024,NA
VESC11026,NA
VESC11029,NA
VESC11033,26
VESC11037,NA
VESC11038,NA
VESC11039,NA
VESC11040,NA
VESC11041,NA
VESC11042,9
VESC11043,1
VESC11044,NA
VESC11045,NA
VESC11046,NA
VESC11047,NA
VESC11048,NA
VESC11049,NA
VESC11050,2
VESC11051,NA
VESC11052,NA
VESC11053,NA
VESC11054,NA
VESC11055,NA
VESC11056,NA
VESC11057,NA
VESC11058,NA
VESC11059,NA
VESC11060,5
VESC11061,4
VESC11062,4
VESC11063,1
VESC11064,1
VESC11065,6
VESC11069,NA
VESC11070,NA
VESC11071,NA
VESC11072,7
VESC11073,NA
VESC11078,NA
VESC11079,12
VESC11080,NA
VESC11082,NA
VESC11083,NA
VESC11084,NA
VESC11085,21
VESC11088,31
VESC11089,30
VESC11103,2
VESC11104,NA
VESC11105,NA
VESC11106,NA
VESC11109,21
VESC11111,NA
VESC11112,2
VESC11114,NA
VESC11115,NA
VESC11117,NA
VESC11119,14
VESC11120,NA
VESC11123,23
VESC11124,NA
VESC11126,2
VESC11127,NA
VESC11128,NA
VESC11129,NA
VESC11131,NA
VESC11132,NA
VESC11136,1
VESC11137,1
VESC11138,NA
VESC11139,NA
VESC11140,NA
VESC11145,3
VESC11146,NA
VESC11147,NA
VESC11148,NA
VESC11149,11
VESC11151,18
VESC11152,12
VESC11153,11
VESC11154,NA
VESC11155,9
VESC11156,NA
VESC11160,NA
VESC11161,NA
VESC11162,2
VESC11163,10
VESC11164,NA
VESC11165,2
VESC11166,4
VESC11168,NA
VESC11169,6
VESC11170,1
VESC11171,11
VESC11176,8
VESC11177,1
VESC11178,7
VESC11179,3
VESC11180,3
VESC11181,2
VESC11182,2
VESC11183,NA
VESC11184,5
VESC11185,4
VESC11186,9
VESC11187,20
VESC11188,5
VESC11196,NA
VESC11197,NA
VESC11198,NA
VESC11199,20
VESC11200,14
VESC11201,16
VESC11202,NA
VESC11203,NA
VESC11204,28
VESC11205,NA
VESC11206,NA
VESC11207,NA
VESC11208,NA
VESC11209,NA
VESC11210,NA
VESC11211,NA
VESC11212,NA
VESC11213,NA
VESC11219,NA
VESC11220,NA
VESC11223,NA
VESC11224,24
VESC11225,2
VESC11226,NA
VESC11227,NA
VESC11228,1
VESC11229,1
VESC11230,NA
VESC11231,1
VESC11232,1
VESC11234,27
VESC11235,28
VESC11236,9
VESC11237,2
VESC11238,4
VESC11239,2
VESC11240,NA
VESC11243,14
VESC11244,6
VESC11245,6
VESC11246,6
VESC11247,6
VESC11248,6
VESC11249,6
VESC11250,5
VESC11251,NA
VESC11252,9
VESC11253,9
VESC11254,24
VESC11255,20
VESC11256,NA
VESC11257,NA
VESC11258,NA
VESC11259,NA
VESC11260,16
VESC11262,NA
VESC11264,4
VESC11265,NA
VESC11267,NA
VESC12002,3
VESC12005,12
VESC12006,NA
VESC12007,3
VESC12008,3
VESC12009,3
VESC12010,8
VESC12011,2
VESC12012,2
VESC12013,2
VESC12014,10
VESC12015,11
VESC12016,10
VESC12017,10
VESC12019,NA
VESC12020,NA
VESC12022,NA
VESC12024,NA
VESC12025,NA
VESC12027,NA
VESC12028,NA
VESC12029,NA
VESC12030,4
VESC12031,4
VESC12032,3
VESC12033,NA
VESC12034,3
VESC12035,12
VESC12036,NA
VESC12037,12
VESC12038,NA
VESC12043,NA
VETS08016,7
VETS10001,NA
VETS10033,16
VETS10034,11
VETS10039,10
VETS10042,10
VETS10043,11
WEBP11001,23
WEBP11002,12
WEBP11003,6
WEBP11004,NA
WRCH11018,4
WRCH11019,1
WRCH11020,5
WRCH11021,4
XXXX00901,NA
XXXX01001,NA
XXXX01101,NA
XXXX01102,NA
XXXX01103,NA
XXXX01104,16
XXXX01105,NA
XXXX01106,NA
XXXX01107,16
XXXX01108,NA
XXXX01109,NA
XXXX01110,NA
XXXX01111,NA
XXXX01114,NA
XXXX01115,NA
XXXX01116,NA
XXXX01117,NA
XXXX01118,NA
XXXX01119,NA
XXXX01120,NA
XXXX01121,NA
XXXX01122,NA
XXXX01123,NA
XXXX01124,NA
XXXX01125,NA
XXXX01126,NA
XXXX01127,NA
XXXX01128,NA
XXXX09001,NA
XXXX09002,NA
XXXX09004,NA
XXXX09005,NA
XXXX09006,NA
XXXX10001,NA
XXXX10002,501
XXXX10003,NA
XXXX10004,6
XXXX10005,NA
XXXX10007,NA
XXXX10008,62
XXXX10009,1
XXXX10010,NA
XXXX10012,NA
XXXX10014,6
XXXX10015,NA
XXXX11004,NA
ZLGY10007,27
ZLGY10008,16
ZLGY10012,38
ZLGY10013,26
ZLGY10022,31
ZLGY10025,31
ZLGY10026,21
ZLGY10028,38
ZLGY10029,28
ZLGY10030,18
ZLGY10031,16
